2026-09-23 16:53:20 Starting Lynis 2.6.2 with PID 30045, build date 2018-02-13
2026-09-23 16:53:20 ===---------------------------------------------------------------===
2026-09-23 16:53:20 ### 2007-2018, CISOfy - https://cisofy.com/lynis/ ###
2026-09-23 16:53:20 Checking permissions of /usr/share/lynis/include/profiles
2026-09-23 16:53:20 File permissions are OK
2026-09-23 16:53:20 Reading profile/configuration /etc/lynis/default.prf
2026-09-23 16:53:20 Action: created temporary file /tmp/lynis.IqcWclXPlv
2026-09-23 16:53:20 Language set via profile to ''
2026-09-23 16:53:20 Plugin 'authentication' enabled according profile (/etc/lynis/default.prf)
2026-09-23 16:53:20 Plugin 'compliance' enabled according profile (/etc/lynis/default.prf)
2026-09-23 16:53:20 Plugin 'configuration' enabled according profile (/etc/lynis/default.prf)
2026-09-23 16:53:20 Plugin 'control-panels' enabled according profile (/etc/lynis/default.prf)
2026-09-23 16:53:20 Plugin 'crypto' enabled according profile (/etc/lynis/default.prf)
2026-09-23 16:53:20 Plugin 'dns' enabled according profile (/etc/lynis/default.prf)
2026-09-23 16:53:20 Plugin 'docker' enabled according profile (/etc/lynis/default.prf)
2026-09-23 16:53:20 Plugin 'file-integrity' enabled according profile (/etc/lynis/default.prf)
2026-09-23 16:53:20 Plugin 'file-systems' enabled according profile (/etc/lynis/default.prf)
2026-09-23 16:53:20 Plugin 'firewalls' enabled according profile (/etc/lynis/default.prf)
2026-09-23 16:53:20 Plugin 'forensics' enabled according profile (/etc/lynis/default.prf)
2026-09-23 16:53:20 Plugin 'hardware' enabled according profile (/etc/lynis/default.prf)
2026-09-23 16:53:20 Plugin 'intrusion-detection' enabled according profile (/etc/lynis/default.prf)
2026-09-23 16:53:20 Plugin 'intrusion-prevention' enabled according profile (/etc/lynis/default.prf)
2026-09-23 16:53:20 Plugin 'kernel' enabled according profile (/etc/lynis/default.prf)
2026-09-23 16:53:20 Plugin 'malware' enabled according profile (/etc/lynis/default.prf)
2026-09-23 16:53:20 Plugin 'memory' enabled according profile (/etc/lynis/default.prf)
2026-09-23 16:53:20 Plugin 'nginx' enabled according profile (/etc/lynis/default.prf)
2026-09-23 16:53:20 Plugin 'pam' enabled according profile (/etc/lynis/default.prf)
2026-09-23 16:53:20 Plugin 'processes' enabled according profile (/etc/lynis/default.prf)
2026-09-23 16:53:20 Plugin 'security-modules' enabled according profile (/etc/lynis/default.prf)
2026-09-23 16:53:20 Plugin 'software' enabled according profile (/etc/lynis/default.prf)
2026-09-23 16:53:20 Plugin 'system-integrity' enabled according profile (/etc/lynis/default.prf)
2026-09-23 16:53:20 Plugin 'systemd' enabled according profile (/etc/lynis/default.prf)
2026-09-23 16:53:20 Plugin 'users' enabled according profile (/etc/lynis/default.prf)
2026-09-23 16:53:20 Plugin 'debian' enabled according profile (/etc/lynis/default.prf)
2026-09-23 16:53:20 Set option to default value: NTPD_ROLE --> client
2026-09-23 16:53:20 ===---------------------------------------------------------------===
2026-09-23 16:53:20 ===---------------------------------------------------------------===
2026-09-23 16:53:20 Program version:           2.6.2
2026-09-23 16:53:20 Operating system:          Linux
2026-09-23 16:53:20 Operating system name:     Ubuntu Linux
2026-09-23 16:53:20 Operating system version:  20.04
2026-09-23 16:53:20 Kernel version:            6.14.0
2026-09-23 16:53:20 Kernel version (full):     6.14.0-37-generic
2026-09-23 16:53:20 Hardware platform:         x86_64
2026-09-23 16:53:20 -----------------------------------------------------
2026-09-23 16:53:20 Hostname:                  c1246db0b82f
2026-09-23 16:53:20 Auditor:                   [Not Specified]
2026-09-23 16:53:20 Profiles:                  /etc/lynis/default.prf
2026-09-23 16:53:20 Work directory:            /root
2026-09-23 16:53:20 Include directory:         /usr/share/lynis/include
2026-09-23 16:53:20 Plugin directory:          /etc/lynis/plugins
2026-09-23 16:53:20 -----------------------------------------------------
2026-09-23 16:53:20 Log file:                  /var/log/lynis.log
2026-09-23 16:53:20 Report file:               /var/log/lynis-report.dat
2026-09-23 16:53:20 Report version:            1.0
2026-09-23 16:53:20 -----------------------------------------------------
2026-09-23 16:53:20 Test category:             all
2026-09-23 16:53:20 Test group:                all
2026-09-23 16:53:20 BusyBox used:              0
2026-09-23 16:53:20 ===---------------------------------------------------------------===
2026-09-23 16:53:20 Test: Checking for program update...
2026-09-23 16:53:20 Result: dig, drill or host not installed, update check skipped
2026-09-23 16:53:20 Current installed version  : 262
2026-09-23 16:53:20 Latest stable version      : 0000000000
2026-09-23 16:53:20 Update check skipped due to constraints (e.g. missing dig binary)
2026-09-23 16:53:20 Suggestion: This release is more than 4 months old. Consider upgrading [test:LYNIS] [details:-] [solution:-]
2026-09-23 16:53:25 ===---------------------------------------------------------------===
2026-09-23 16:53:25 Checking permissions of /usr/share/lynis/include/binaries
2026-09-23 16:53:25 File permissions are OK
2026-09-23 16:53:25 ===---------------------------------------------------------------===
2026-09-23 16:53:25 Action: Performing tests from category: System Tools
2026-09-23 16:53:25 Start scanning for available audit binaries and tools...
2026-09-23 16:53:25 ===---------------------------------------------------------------===
2026-09-23 16:53:25 Performing test ID CORE-1000 (Check all system binaries)
2026-09-23 16:53:25 Status: Starting binary scan...
2026-09-23 16:53:25 Test: Checking binaries in directory /snap/bin
2026-09-23 16:53:25 Result: Directory /snap/bin does NOT exist
2026-09-23 16:53:25 Test: Checking binaries in directory /usr/local/games
2026-09-23 16:53:25 Directory /usr/local/games exists. Starting directory scanning...
2026-09-23 16:53:25 Test: Checking binaries in directory /usr/games
2026-09-23 16:53:25 Directory /usr/games exists. Starting directory scanning...
2026-09-23 16:53:25 Test: Checking binaries in directory /bin
2026-09-23 16:53:25 Result: directory exists, but is actually a symlink
2026-09-23 16:53:25 Action: checking symlink for file /bin
2026-09-23 16:53:25 Setting temporary readlinkbinary variable
2026-09-23 16:53:25 Note: Using real readlink binary to determine symlink on /bin
2026-09-23 16:53:25 Result: readlink shows /usr/bin as output
2026-09-23 16:53:25 Result: symlink found, pointing to directory /usr/bin
2026-09-23 16:53:25 Result: found the path behind this symlink (/bin --> /usr/bin)
2026-09-23 16:53:25 Directory /usr/bin exists. Starting directory scanning...
2026-09-23 16:53:25   Found known binary: aide (file integrity checker) - /usr/bin/aide
2026-09-23 16:53:25   Found known binary: awk (string tool) - /usr/bin/awk
2026-09-23 16:53:25   Found known binary: base64 (encoding tool) - /usr/bin/base64
2026-09-23 16:53:25   Found known binary: cat (generic file handling) - /usr/bin/cat
2026-09-23 16:53:25   Found known binary: comm (file compare) - /usr/bin/comm
2026-09-23 16:53:25   Found known binary: cut (text stream editor) - /usr/bin/cut
2026-09-23 16:53:25   Found known binary: dnsdomainname (DNS domain) - /usr/bin/dnsdomainname
2026-09-23 16:53:25   Found known binary: domainname (NIS domain) - /usr/bin/domainname
2026-09-23 16:53:25   Found known binary: dpkg (package management) - /usr/bin/dpkg
2026-09-23 16:53:25   Found known binary: egrep (text search) - /usr/bin/egrep
2026-09-23 16:53:25   Found known binary: find (search tool) - /usr/bin/find
2026-09-23 16:53:25   Found known binary: getent (query tool for name service switch libraries) - /usr/bin/getent
2026-09-23 16:53:25   Found known binary: grep (text search) - /usr/bin/grep
2026-09-23 16:53:25   Found known binary: gzip (compressing utility) - /usr/bin/gzip
2026-09-23 16:53:25   Found known binary: head (text filter) - /usr/bin/head
2026-09-23 16:53:25   Found known binary: ip (IP configuration) - /usr/bin/ip
2026-09-23 16:53:25   Found known binary: journalctl (systemd journal) - /usr/bin/journalctl
2026-09-23 16:53:25   Found known binary: ls (file listing) - /usr/bin/ls
2026-09-23 16:53:25   Found known binary: lsattr (file attributes) - /usr/bin/lsattr
2026-09-23 16:53:25   Found known binary: md5sum (hash tool) - /usr/bin/md5sum
2026-09-23 16:53:26   Found known binary: mount (disk utility) - /usr/bin/mount
2026-09-23 16:53:26   Found known binary: netstat (network statistics) - /usr/bin/netstat
2026-09-23 16:53:26 Found /usr/bin/openssl (version 1.1.1f)
2026-09-23 16:53:26 Found /usr/bin/perl (version 5.30.0)
2026-09-23 16:53:26   Found known binary: pgrep (search in process list) - /usr/bin/pgrep
2026-09-23 16:53:26   Found known binary: ps (process listing) - /usr/bin/ps
2026-09-23 16:53:26 Found known binary: python3 (programming language interpreter) - /usr/bin/python3 (version 3.8.10)
2026-09-23 16:53:26   Found known binary: readlink (follows symlinks) - /usr/bin/readlink
2026-09-23 16:53:26   Found known binary: sed (text stream editor) - /usr/bin/sed
2026-09-23 16:53:26   Found known binary: sha1/sha1sum/shasum (crypto hashing) - /usr/bin/sha1sum
2026-09-23 16:53:26   Found known binary: sha256/sha256sum (crypto hashing) - /usr/bin/sha256sum
2026-09-23 16:53:26   Found known binary: sha1/sha1sum/shasum (crypto hashing) - /usr/bin/shasum
2026-09-23 16:53:26   Found known binary: sort (sort data streams) - /usr/bin/sort
2026-09-23 16:53:26   Found known binary: ss (show sockets) - /usr/bin/ss
2026-09-23 16:53:26   Found known binary: ssh-keyscan (scanner for SSH keys) - /usr/bin/ssh-keyscan
2026-09-23 16:53:26   Found known binary: stat (file information) - /usr/bin/stat
2026-09-23 16:53:26   Found known binary: systemctl (client to systemd) - /usr/bin/systemctl
2026-09-23 16:53:26   Found known binary: timedatectl (timedate client) - /usr/bin/timedatectl
2026-09-23 16:53:26   Found known binary: tr (text transformation) - /usr/bin/tr
2026-09-23 16:53:26   Found known binary: uname (operating system details) - /usr/bin/uname
2026-09-23 16:53:26   Found known binary: uniq (text manipulation utility) - /usr/bin/uniq
2026-09-23 16:53:26   Found known binary: wc (word count) - /usr/bin/wc
2026-09-23 16:53:26   Found known binary: xargs (command output redirection) - /usr/bin/xargs
2026-09-23 16:53:26   Found known binary: zgrep (text search for compressed files) - /usr/bin/zgrep
2026-09-23 16:53:26 Test: Checking binaries in directory /sbin
2026-09-23 16:53:26 Result: directory exists, but is actually a symlink
2026-09-23 16:53:26 Action: checking symlink for file /sbin
2026-09-23 16:53:26 Note: Using real readlink binary to determine symlink on /sbin
2026-09-23 16:53:26 Result: readlink shows /usr/sbin as output
2026-09-23 16:53:26 Result: symlink found, pointing to directory /usr/sbin
2026-09-23 16:53:26 Result: found the path behind this symlink (/sbin --> /usr/sbin)
2026-09-23 16:53:26 Directory /usr/sbin exists. Starting directory scanning...
2026-09-23 16:53:26   Found known binary: aa-status (apparmor component) - /usr/sbin/aa-status
2026-09-23 16:53:26   Found known binary: auditctl (control utility for audit daemon) - /usr/sbin/auditctl
2026-09-23 16:53:26   Found known binary: auditd (audit framework) - /usr/sbin/auditd
2026-09-23 16:53:26   Found known binary: blkid (information about block devices) - /usr/sbin/blkid
2026-09-23 16:53:26   Found known binary: getcap (kernel capabilities) - /usr/sbin/getcap
2026-09-23 16:53:26   Found known binary: grpck (consistency checker) - /usr/sbin/grpck
2026-09-23 16:53:26   Found known binary: ipconfig (IP configuration) - /usr/sbin/ifconfig
2026-09-23 16:53:26   Found known binary: initctl (client to upstart init) - /usr/sbin/initctl
2026-09-23 16:53:26   Found known binary: ip (IP configuration) - /usr/sbin/ip
2026-09-23 16:53:26   Found known binary: iptables (firewall) - /usr/sbin/iptables
2026-09-23 16:53:26   Found known binary: iptables-save (firewall) - /usr/sbin/iptables-save
2026-09-23 16:53:26   Found known binary: postconf (postfix configuration) - /usr/sbin/postconf
2026-09-23 16:53:26   Found known binary: postfix (postfix binary) - /usr/sbin/postfix
2026-09-23 16:53:26   Found known binary: runlevel (system utility) - /usr/sbin/runlevel
2026-09-23 16:53:26   Found known binary: service (system services) - /usr/sbin/service
2026-09-23 16:53:26 Found /usr/sbin/sshd (version 8.2)
2026-09-23 16:53:26   Found known binary: sysctl (kernel parameters) - /usr/sbin/sysctl
2026-09-23 16:53:26   Found known binary: tune2fs (file system tool) - /usr/sbin/tune2fs
2026-09-23 16:53:26 Test: Checking binaries in directory /usr/bin
2026-09-23 16:53:26 Result: Skipping this directory as it was already scanned
2026-09-23 16:53:26 Result: Directory /usr/bin skipped
2026-09-23 16:53:26 Test: Checking binaries in directory /usr/sbin
2026-09-23 16:53:26 Result: Skipping this directory as it was already scanned
2026-09-23 16:53:26 Result: Directory /usr/sbin skipped
2026-09-23 16:53:26 Test: Checking binaries in directory /usr/local/bin
2026-09-23 16:53:26 Directory /usr/local/bin exists. Starting directory scanning...
2026-09-23 16:53:26 Test: Checking binaries in directory /usr/local/sbin
2026-09-23 16:53:26 Directory /usr/local/sbin exists. Starting directory scanning...
2026-09-23 16:53:26 Test: Checking binaries in directory /bin
2026-09-23 16:53:26 Result: directory exists, but is actually a symlink
2026-09-23 16:53:26 Action: checking symlink for file /bin
2026-09-23 16:53:26 Note: Using real readlink binary to determine symlink on /bin
2026-09-23 16:53:26 Result: readlink shows /usr/bin as output
2026-09-23 16:53:26 Result: symlink found, pointing to directory /usr/bin
2026-09-23 16:53:26 Result: found the path behind this symlink (/bin --> /usr/bin)
2026-09-23 16:53:26 Result: Skipping this directory as it was already scanned
2026-09-23 16:53:26 Result: Directory /usr/bin skipped
2026-09-23 16:53:26 Test: Checking binaries in directory /sbin
2026-09-23 16:53:26 Result: directory exists, but is actually a symlink
2026-09-23 16:53:26 Action: checking symlink for file /sbin
2026-09-23 16:53:26 Note: Using real readlink binary to determine symlink on /sbin
2026-09-23 16:53:26 Result: readlink shows /usr/sbin as output
2026-09-23 16:53:26 Result: symlink found, pointing to directory /usr/sbin
2026-09-23 16:53:26 Result: found the path behind this symlink (/sbin --> /usr/sbin)
2026-09-23 16:53:26 Result: Skipping this directory as it was already scanned
2026-09-23 16:53:26 Result: Directory /usr/sbin skipped
2026-09-23 16:53:26 Test: Checking binaries in directory /usr/bin
2026-09-23 16:53:26 Result: Skipping this directory as it was already scanned
2026-09-23 16:53:26 Result: Directory /usr/bin skipped
2026-09-23 16:53:26 Test: Checking binaries in directory /usr/sbin
2026-09-23 16:53:26 Result: Skipping this directory as it was already scanned
2026-09-23 16:53:26 Result: Directory /usr/sbin skipped
2026-09-23 16:53:26 Test: Checking binaries in directory /usr/local/bin
2026-09-23 16:53:26 Result: Skipping this directory as it was already scanned
2026-09-23 16:53:26 Result: Directory /usr/local/bin skipped
2026-09-23 16:53:26 Test: Checking binaries in directory /usr/local/sbin
2026-09-23 16:53:26 Result: Skipping this directory as it was already scanned
2026-09-23 16:53:26 Result: Directory /usr/local/sbin skipped
2026-09-23 16:53:26 Test: Checking binaries in directory /usr/local/libexec
2026-09-23 16:53:26 Result: Directory /usr/local/libexec does NOT exist
2026-09-23 16:53:26 Test: Checking binaries in directory /usr/libexec
2026-09-23 16:53:26 Directory /usr/libexec exists. Starting directory scanning...
2026-09-23 16:53:26 Test: Checking binaries in directory /usr/sfw/bin
2026-09-23 16:53:26 Result: Directory /usr/sfw/bin does NOT exist
2026-09-23 16:53:26 Test: Checking binaries in directory /usr/sfw/sbin
2026-09-23 16:53:26 Result: Directory /usr/sfw/sbin does NOT exist
2026-09-23 16:53:26 Test: Checking binaries in directory /usr/sfw/libexec
2026-09-23 16:53:26 Result: Directory /usr/sfw/libexec does NOT exist
2026-09-23 16:53:26 Test: Checking binaries in directory /opt/sfw/bin
2026-09-23 16:53:26 Result: Directory /opt/sfw/bin does NOT exist
2026-09-23 16:53:26 Test: Checking binaries in directory /opt/sfw/sbin
2026-09-23 16:53:26 Result: Directory /opt/sfw/sbin does NOT exist
2026-09-23 16:53:26 Test: Checking binaries in directory /opt/sfw/libexec
2026-09-23 16:53:26 Result: Directory /opt/sfw/libexec does NOT exist
2026-09-23 16:53:26 Test: Checking binaries in directory /usr/xpg4/bin
2026-09-23 16:53:26 Result: Directory /usr/xpg4/bin does NOT exist
2026-09-23 16:53:26 Test: Checking binaries in directory /usr/css/bin
2026-09-23 16:53:26 Result: Directory /usr/css/bin does NOT exist
2026-09-23 16:53:26 Test: Checking binaries in directory /usr/ucb
2026-09-23 16:53:26 Result: Directory /usr/ucb does NOT exist
2026-09-23 16:53:26 Test: Checking binaries in directory /usr/X11R6/bin
2026-09-23 16:53:26 Result: Directory /usr/X11R6/bin does NOT exist
2026-09-23 16:53:26 Test: Checking binaries in directory /usr/X11R7/bin
2026-09-23 16:53:26 Result: Directory /usr/X11R7/bin does NOT exist
2026-09-23 16:53:26 Test: Checking binaries in directory /usr/pkg/bin
2026-09-23 16:53:26 Result: Directory /usr/pkg/bin does NOT exist
2026-09-23 16:53:26 Test: Checking binaries in directory /usr/pkg/sbin
2026-09-23 16:53:26 Result: Directory /usr/pkg/sbin does NOT exist
2026-09-23 16:53:26 Test: Checking binaries in directory /usr/gnu/bin
2026-09-23 16:53:26 Result: Directory /usr/gnu/bin does NOT exist
2026-09-23 16:53:26 Discovered directories: /usr/local/games,/usr/games,/usr/bin,/usr/sbin,/usr/local/bin,/usr/local/sbin,/usr/libexec
2026-09-23 16:53:26 Result: found 742 binaries
2026-09-23 16:53:26 ===---------------------------------------------------------------===
2026-09-23 16:53:26 Test: Determine if this system is a virtual machine
2026-09-23 16:53:26 Result: facter utility not found
2026-09-23 16:53:26 Test: trying to guess virtualization technology with systemd-detect-virt
2026-09-23 16:53:26 Result: found kvm
2026-09-23 16:53:26 Result: skipped lscpu test, as we already found machine type
2026-09-23 16:53:26 Result: skipped dmidecode test, as we already found machine type
2026-09-23 16:53:26 Result: skipped processes test, as we already found platform
2026-09-23 16:53:26 Result: skipped Amazon EC2 test, as we already found platform
2026-09-23 16:53:26 Result: skipped sysctl test, as we already found platform
2026-09-23 16:53:26 Result: skipped lshw test, as we already found machine type
2026-09-23 16:53:26 Result: found virtual machine (type: kvm, KVM)
2026-09-23 16:53:26 Result: Lynis is not running in container
2026-09-23 16:53:26 Result: system is using systemd
2026-09-23 16:53:26 ===---------------------------------------------------------------===
2026-09-23 16:53:26 Action: Performing plugin tests
2026-09-23 16:53:26 Searching plugins...
2026-09-23 16:53:26 Found plugin file: /etc/lynis/plugins/plugin_debian_phase1
2026-09-23 16:53:26 Action: checking plugin status in profile: /etc/lynis/default.prf
2026-09-23 16:53:26 Result: plugin enabled in profile (/etc/lynis/default.prf)
2026-09-23 16:53:26 Result: plugin debian is enabled
2026-09-23 16:53:26 Checking permissions of /etc/lynis/plugins/plugin_debian_phase1
2026-09-23 16:53:26 File permissions are OK
2026-09-23 16:53:26 Including plugin file: /etc/lynis/plugins/plugin_debian_phase1 (version: 1.0.0)
2026-09-23 16:53:26 ===---------------------------------------------------------------===
2026-09-23 16:53:26 Action: Performing tests from category: Debian Tests
2026-09-23 16:53:26 ===---------------------------------------------------------------===
2026-09-23 16:53:26 Performing test ID CUST-0001 (Check for system binaries required by Debian Tests)
2026-09-23 16:53:26 Status: Starting binary scan...
2026-09-23 16:53:26 Test: Checking binaries in directory /bin
2026-09-23 16:53:26 Directory /bin exists. Starting directory scanning...
2026-09-23 16:53:26 Binary: /bin/Mail
2026-09-23 16:53:26 Binary: /bin/[
2026-09-23 16:53:26 Binary: /bin/aa-enabled
2026-09-23 16:53:26 Binary: /bin/aa-exec
2026-09-23 16:53:26 Binary: /bin/add-apt-repository
2026-09-23 16:53:26 Binary: /bin/addpart
2026-09-23 16:53:26 Binary: /bin/aide
2026-09-23 16:53:26 Binary: /bin/aide-attributes
2026-09-23 16:53:26 Binary: /bin/aide.wrapper
2026-09-23 16:53:26 Binary: /bin/apt
2026-09-23 16:53:26 Binary: /bin/apt-add-repository
2026-09-23 16:53:26 Binary: /bin/apt-cache
2026-09-23 16:53:26 Binary: /bin/apt-cdrom
2026-09-23 16:53:26 Binary: /bin/apt-config
2026-09-23 16:53:26 Binary: /bin/apt-get
2026-09-23 16:53:26 Binary: /bin/apt-key
2026-09-23 16:53:26 Binary: /bin/apt-mark
2026-09-23 16:53:26 Binary: /bin/apt-show-versions
2026-09-23 16:53:26 Binary: /bin/arch
2026-09-23 16:53:26 Binary: /bin/aulast
2026-09-23 16:53:26 Binary: /bin/aulastlog
2026-09-23 16:53:26 Binary: /bin/ausyscall
2026-09-23 16:53:26 Binary: /bin/auvirt
2026-09-23 16:53:26 Binary: /bin/awk
2026-09-23 16:53:26 Binary: /bin/b2sum
2026-09-23 16:53:26 Binary: /bin/base32
2026-09-23 16:53:26 Binary: /bin/base64
2026-09-23 16:53:26 Binary: /bin/basename
2026-09-23 16:53:26 Binary: /bin/bash
2026-09-23 16:53:26 Binary: /bin/bashbug
2026-09-23 16:53:26 Binary: /bin/bootctl
2026-09-23 16:53:26 Binary: /bin/bsd-mailx
2026-09-23 16:53:26 Binary: /bin/bunzip2
2026-09-23 16:53:26 Binary: /bin/busctl
2026-09-23 16:53:26 Binary: /bin/bzcat
2026-09-23 16:53:26 Binary: /bin/bzcmp
2026-09-23 16:53:26 Binary: /bin/bzdiff
2026-09-23 16:53:26 Binary: /bin/bzegrep
2026-09-23 16:53:26 Binary: /bin/bzexe
2026-09-23 16:53:26 Binary: /bin/bzfgrep
2026-09-23 16:53:26 Binary: /bin/bzgrep
2026-09-23 16:53:26 Binary: /bin/bzip2
2026-09-23 16:53:26 Binary: /bin/bzip2recover
2026-09-23 16:53:26 Binary: /bin/bzless
2026-09-23 16:53:26 Binary: /bin/bzmore
2026-09-23 16:53:26 Binary: /bin/c_rehash
2026-09-23 16:53:26 Binary: /bin/captoinfo
2026-09-23 16:53:26 Binary: /bin/cat
2026-09-23 16:53:26 Binary: /bin/catchsegv
2026-09-23 16:53:26 Binary: /bin/cautious-launcher
2026-09-23 16:53:26 Binary: /bin/chage
2026-09-23 16:53:26 Binary: /bin/chardet3
2026-09-23 16:53:26 Binary: /bin/chardetect3
2026-09-23 16:53:26 Binary: /bin/chattr
2026-09-23 16:53:26 Binary: /bin/chcon
2026-09-23 16:53:26 Binary: /bin/chfn
2026-09-23 16:53:26 Binary: /bin/chgrp
2026-09-23 16:53:26 Binary: /bin/chmod
2026-09-23 16:53:26 Binary: /bin/choom
2026-09-23 16:53:26 Binary: /bin/chown
2026-09-23 16:53:26 Binary: /bin/chrt
2026-09-23 16:53:26 Binary: /bin/chsh
2026-09-23 16:53:26 Binary: /bin/cksum
2026-09-23 16:53:26 Binary: /bin/clear
2026-09-23 16:53:26 Binary: /bin/clear_console
2026-09-23 16:53:26 Binary: /bin/cmp
2026-09-23 16:53:26 Binary: /bin/comm
2026-09-23 16:53:26 Binary: /bin/compose
2026-09-23 16:53:26 Binary: /bin/corelist
2026-09-23 16:53:26 Binary: /bin/cp
2026-09-23 16:53:26 Binary: /bin/cpan
2026-09-23 16:53:26 Binary: /bin/cpan5.30-x86_64-linux-gnu
2026-09-23 16:53:26 Binary: /bin/cpio
2026-09-23 16:53:26 Binary: /bin/csplit
2026-09-23 16:53:26 Binary: /bin/ctstat
2026-09-23 16:53:26 Binary: /bin/cut
2026-09-23 16:53:26 Binary: /bin/cvtsudoers
2026-09-23 16:53:26 Binary: /bin/dash
2026-09-23 16:53:26 Binary: /bin/date
2026-09-23 16:53:26 Binary: /bin/dbus-cleanup-sockets
2026-09-23 16:53:26 Binary: /bin/dbus-daemon
2026-09-23 16:53:26 Binary: /bin/dbus-monitor
2026-09-23 16:53:26 Binary: /bin/dbus-run-session
2026-09-23 16:53:26 Binary: /bin/dbus-send
2026-09-23 16:53:26 Binary: /bin/dbus-update-activation-environment
2026-09-23 16:53:26 Binary: /bin/dbus-uuidgen
2026-09-23 16:53:26 Binary: /bin/dd
2026-09-23 16:53:26 Binary: /bin/deb-systemd-helper
2026-09-23 16:53:26 Binary: /bin/deb-systemd-invoke
2026-09-23 16:53:26 Binary: /bin/debconf
2026-09-23 16:53:26 Binary: /bin/debconf-apt-progress
2026-09-23 16:53:26 Binary: /bin/debconf-communicate
2026-09-23 16:53:26 Binary: /bin/debconf-copydb
2026-09-23 16:53:26 Binary: /bin/debconf-escape
2026-09-23 16:53:26 Binary: /bin/debconf-set-selections
2026-09-23 16:53:26 Binary: /bin/debconf-show
2026-09-23 16:53:26 Binary: /bin/delpart
2026-09-23 16:53:26 Binary: /bin/df
2026-09-23 16:53:26 Binary: /bin/diff
2026-09-23 16:53:26 Binary: /bin/diff3
2026-09-23 16:53:26 Binary: /bin/dir
2026-09-23 16:53:26 Binary: /bin/dircolors
2026-09-23 16:53:26 Binary: /bin/dirname
2026-09-23 16:53:26 Binary: /bin/dmesg
2026-09-23 16:53:26 Binary: /bin/dnsdomainname
2026-09-23 16:53:26 Binary: /bin/domainname
2026-09-23 16:53:26 Binary: /bin/dotlockfile
2026-09-23 16:53:26 Binary: /bin/dpkg
2026-09-23 16:53:26 Binary: /bin/dpkg-deb
2026-09-23 16:53:26 Binary: /bin/dpkg-divert
2026-09-23 16:53:26 Binary: /bin/dpkg-maintscript-helper
2026-09-23 16:53:26 Binary: /bin/dpkg-query
2026-09-23 16:53:26 Binary: /bin/dpkg-split
2026-09-23 16:53:26 Binary: /bin/dpkg-statoverride
2026-09-23 16:53:26 Binary: /bin/dpkg-trigger
2026-09-23 16:53:26 Binary: /bin/du
2026-09-23 16:53:26 Binary: /bin/echo
2026-09-23 16:53:26 Binary: /bin/edit
2026-09-23 16:53:26 Binary: /bin/egrep
2026-09-23 16:53:26 Binary: /bin/enc2xs
2026-09-23 16:53:26 Binary: /bin/encguess
2026-09-23 16:53:26 Binary: /bin/env
2026-09-23 16:53:26 Binary: /bin/expand
2026-09-23 16:53:26 Binary: /bin/expiry
2026-09-23 16:53:26 Binary: /bin/expr
2026-09-23 16:53:26 Binary: /bin/factor
2026-09-23 16:53:26 Binary: /bin/faillog
2026-09-23 16:53:26 Binary: /bin/fallocate
2026-09-23 16:53:26 Binary: /bin/false
2026-09-23 16:53:26 Binary: /bin/fgrep
2026-09-23 16:53:26 Binary: /bin/fincore
2026-09-23 16:53:26 Binary: /bin/find
2026-09-23 16:53:26 Binary: /bin/findmnt
2026-09-23 16:53:26 Binary: /bin/flock
2026-09-23 16:53:26 Binary: /bin/fmt
2026-09-23 16:53:26 Binary: /bin/fold
2026-09-23 16:53:26 Binary: /bin/free
2026-09-23 16:53:26 Binary: /bin/gapplication
2026-09-23 16:53:26 Binary: /bin/gdbus
2026-09-23 16:53:26 Binary: /bin/getconf
2026-09-23 16:53:26 Binary: /bin/getent
2026-09-23 16:53:26 Binary: /bin/getopt
2026-09-23 16:53:26 Binary: /bin/gio
2026-09-23 16:53:26 Binary: /bin/gio-querymodules
2026-09-23 16:53:26 Binary: /bin/glib-compile-schemas
2026-09-23 16:53:26 Binary: /bin/gpasswd
2026-09-23 16:53:26 Binary: /bin/gpg
2026-09-23 16:53:26 Binary: /bin/gpg-connect-agent
2026-09-23 16:53:26 Binary: /bin/gpgconf
2026-09-23 16:53:26 Binary: /bin/gpgv
2026-09-23 16:53:26 Binary: /bin/grep
2026-09-23 16:53:26 Binary: /bin/gresource
2026-09-23 16:53:26 Binary: /bin/groups
2026-09-23 16:53:26 Binary: /bin/gsettings
2026-09-23 16:53:26 Binary: /bin/gunzip
2026-09-23 16:53:26 Binary: /bin/gzexe
2026-09-23 16:53:26 Binary: /bin/gzip
2026-09-23 16:53:26 Binary: /bin/h2ph
2026-09-23 16:53:26 Binary: /bin/h2xs
2026-09-23 16:53:26 Binary: /bin/head
2026-09-23 16:53:26 Binary: /bin/hostid
2026-09-23 16:53:26 Binary: /bin/hostname
2026-09-23 16:53:26 Binary: /bin/hostnamectl
2026-09-23 16:53:26 Binary: /bin/i386
2026-09-23 16:53:26 Binary: /bin/iconv
2026-09-23 16:53:26 Binary: /bin/id
2026-09-23 16:53:26 Binary: /bin/infocmp
2026-09-23 16:53:26 Binary: /bin/infotocap
2026-09-23 16:53:26 Binary: /bin/install
2026-09-23 16:53:26 Binary: /bin/instmodsh
2026-09-23 16:53:26 Binary: /bin/ionice
2026-09-23 16:53:26 Binary: /bin/ip
2026-09-23 16:53:26 Binary: /bin/ipcmk
2026-09-23 16:53:26 Binary: /bin/ipcrm
2026-09-23 16:53:26 Binary: /bin/ipcs
2026-09-23 16:53:26 Binary: /bin/iptables-xml
2026-09-23 16:53:26 Binary: /bin/ischroot
2026-09-23 16:53:26 Binary: /bin/join
2026-09-23 16:53:26 Binary: /bin/journalctl
2026-09-23 16:53:26 Binary: /bin/json_pp
2026-09-23 16:53:26 Binary: /bin/kernel-install
2026-09-23 16:53:26 Binary: /bin/kill
2026-09-23 16:53:26 Binary: /bin/last
2026-09-23 16:53:26 Binary: /bin/lastb
2026-09-23 16:53:26 Binary: /bin/lastlog
2026-09-23 16:53:26 Binary: /bin/lcf
2026-09-23 16:53:26 Binary: /bin/ldd
2026-09-23 16:53:26 Binary: /bin/libnetcfg
2026-09-23 16:53:26 Binary: /bin/link
2026-09-23 16:53:26 Binary: /bin/linux32
2026-09-23 16:53:26 Binary: /bin/linux64
2026-09-23 16:53:26 Binary: /bin/ln
2026-09-23 16:53:26 Binary: /bin/lnstat
2026-09-23 16:53:26 Binary: /bin/locale
2026-09-23 16:53:26 Binary: /bin/locale-check
2026-09-23 16:53:26 Binary: /bin/localectl
2026-09-23 16:53:26 Binary: /bin/localedef
2026-09-23 16:53:26 Binary: /bin/logger
2026-09-23 16:53:26 Binary: /bin/login
2026-09-23 16:53:26 Binary: /bin/loginctl
2026-09-23 16:53:26 Binary: /bin/logname
2026-09-23 16:53:26 Binary: /bin/ls
2026-09-23 16:53:26 Binary: /bin/lsattr
2026-09-23 16:53:26 Binary: /bin/lsb_release
2026-09-23 16:53:26 Binary: /bin/lsblk
2026-09-23 16:53:26 Binary: /bin/lscpu
2026-09-23 16:53:26 Binary: /bin/lsipc
2026-09-23 16:53:26 Binary: /bin/lslocks
2026-09-23 16:53:26 Binary: /bin/lslogins
2026-09-23 16:53:26 Binary: /bin/lsmem
2026-09-23 16:53:26 Binary: /bin/lsns
2026-09-23 16:53:26 Binary: /bin/lzcat
2026-09-23 16:53:26 Binary: /bin/lzcmp
2026-09-23 16:53:26 Binary: /bin/lzdiff
2026-09-23 16:53:26 Binary: /bin/lzegrep
2026-09-23 16:53:26 Binary: /bin/lzfgrep
2026-09-23 16:53:26 Binary: /bin/lzgrep
2026-09-23 16:53:26 Binary: /bin/lzless
2026-09-23 16:53:26 Binary: /bin/lzma
2026-09-23 16:53:26 Binary: /bin/lzmainfo
2026-09-23 16:53:26 Binary: /bin/lzmore
2026-09-23 16:53:26 Binary: /bin/mail
2026-09-23 16:53:26 Binary: /bin/mailq
2026-09-23 16:53:26 Binary: /bin/mailx
2026-09-23 16:53:26 Binary: /bin/man
2026-09-23 16:53:26 Binary: /bin/mawk
2026-09-23 16:53:26 Binary: /bin/mcookie
2026-09-23 16:53:26 Binary: /bin/md5sum
2026-09-23 16:53:26 Binary: /bin/md5sum.textutils
2026-09-23 16:53:26 Binary: /bin/mesg
2026-09-23 16:53:26 Binary: /bin/mkdir
2026-09-23 16:53:26 Binary: /bin/mkfifo
2026-09-23 16:53:26 Binary: /bin/mknod
2026-09-23 16:53:26 Binary: /bin/mktemp
2026-09-23 16:53:26 Binary: /bin/more
2026-09-23 16:53:26 Binary: /bin/mount
2026-09-23 16:53:26   Fount known binary: mount (File system tool) - /bin/mount
2026-09-23 16:53:26 Binary: /bin/mountpoint
2026-09-23 16:53:26 Binary: /bin/mt
2026-09-23 16:53:26 Binary: /bin/mt-gnu
2026-09-23 16:53:26 Binary: /bin/mv
2026-09-23 16:53:26 Binary: /bin/namei
2026-09-23 16:53:26 Binary: /bin/nawk
2026-09-23 16:53:26 Binary: /bin/netstat
2026-09-23 16:53:26 Binary: /bin/networkctl
2026-09-23 16:53:26 Binary: /bin/newaliases
2026-09-23 16:53:26 Binary: /bin/newgrp
2026-09-23 16:53:26 Binary: /bin/nice
2026-09-23 16:53:26 Binary: /bin/nisdomainname
2026-09-23 16:53:26 Binary: /bin/nl
2026-09-23 16:53:26 Binary: /bin/nohup
2026-09-23 16:53:26 Binary: /bin/nproc
2026-09-23 16:53:26 Binary: /bin/nsenter
2026-09-23 16:53:26 Binary: /bin/nstat
2026-09-23 16:53:26 Binary: /bin/numfmt
2026-09-23 16:53:26 Binary: /bin/od
2026-09-23 16:53:26 Binary: /bin/openssl
2026-09-23 16:53:26 Binary: /bin/pager
2026-09-23 16:53:26 Binary: /bin/partx
2026-09-23 16:53:26 Binary: /bin/passwd
2026-09-23 16:53:26 Binary: /bin/paste
2026-09-23 16:53:26 Binary: /bin/pathchk
2026-09-23 16:53:26 Binary: /bin/pdb3
2026-09-23 16:53:26 Binary: /bin/pdb3.8
2026-09-23 16:53:26 Binary: /bin/perl
2026-09-23 16:53:26 Binary: /bin/perl5.30-x86_64-linux-gnu
2026-09-23 16:53:26 Binary: /bin/perl5.30.0
2026-09-23 16:53:26 Binary: /bin/perlbug
2026-09-23 16:53:26 Binary: /bin/perldoc
2026-09-23 16:53:26 Binary: /bin/perlivp
2026-09-23 16:53:26 Binary: /bin/perlthanks
2026-09-23 16:53:26 Binary: /bin/pgrep
2026-09-23 16:53:26 Binary: /bin/piconv
2026-09-23 16:53:26 Binary: /bin/pidof
2026-09-23 16:53:26 Binary: /bin/pinky
2026-09-23 16:53:26 Binary: /bin/pkaction
2026-09-23 16:53:26 Binary: /bin/pkcheck
2026-09-23 16:53:26 Binary: /bin/pkexec
2026-09-23 16:53:26 Binary: /bin/pkill
2026-09-23 16:53:26 Binary: /bin/pkttyagent
2026-09-23 16:53:26 Binary: /bin/pl2pm
2026-09-23 16:53:26 Binary: /bin/pldd
2026-09-23 16:53:26 Binary: /bin/pmap
2026-09-23 16:53:26 Binary: /bin/pod2html
2026-09-23 16:53:26 Binary: /bin/pod2man
2026-09-23 16:53:26 Binary: /bin/pod2text
2026-09-23 16:53:26 Binary: /bin/pod2usage
2026-09-23 16:53:26 Binary: /bin/podchecker
2026-09-23 16:53:26 Binary: /bin/podselect
2026-09-23 16:53:26 Binary: /bin/pr
2026-09-23 16:53:26 Binary: /bin/print
2026-09-23 16:53:26 Binary: /bin/printenv
2026-09-23 16:53:26 Binary: /bin/printf
2026-09-23 16:53:26 Binary: /bin/prlimit
2026-09-23 16:53:26 Binary: /bin/prove
2026-09-23 16:53:26 Binary: /bin/ps
2026-09-23 16:53:26 Binary: /bin/ptar
2026-09-23 16:53:26 Binary: /bin/ptardiff
2026-09-23 16:53:26 Binary: /bin/ptargrep
2026-09-23 16:53:26 Binary: /bin/ptx
2026-09-23 16:53:26 Binary: /bin/pwd
2026-09-23 16:53:26 Binary: /bin/pwdx
2026-09-23 16:53:26 Binary: /bin/py3clean
2026-09-23 16:53:26 Binary: /bin/py3compile
2026-09-23 16:53:26 Binary: /bin/py3versions
2026-09-23 16:53:26 Binary: /bin/pydoc3
2026-09-23 16:53:26 Binary: /bin/pydoc3.8
2026-09-23 16:53:26 Binary: /bin/pygettext3
2026-09-23 16:53:26 Binary: /bin/pygettext3.8
2026-09-23 16:53:26 Binary: /bin/python3
2026-09-23 16:53:26 Binary: /bin/python3.8
2026-09-23 16:53:26 Binary: /bin/rbash
2026-09-23 16:53:26 Binary: /bin/rcp
2026-09-23 16:53:26 Binary: /bin/rdma
2026-09-23 16:53:26 Binary: /bin/readlink
2026-09-23 16:53:26 Binary: /bin/realpath
2026-09-23 16:53:26 Binary: /bin/rename.ul
2026-09-23 16:53:26 Binary: /bin/renice
2026-09-23 16:53:26 Binary: /bin/reset
2026-09-23 16:53:26 Binary: /bin/resizepart
2026-09-23 16:53:26 Binary: /bin/resolvectl
2026-09-23 16:53:26 Binary: /bin/rev
2026-09-23 16:53:26 Binary: /bin/rgrep
2026-09-23 16:53:26 Binary: /bin/rlogin
2026-09-23 16:53:26 Binary: /bin/rm
2026-09-23 16:53:26 Binary: /bin/rmail
2026-09-23 16:53:26 Binary: /bin/rmdir
2026-09-23 16:53:26 Binary: /bin/routef
2026-09-23 16:53:26 Binary: /bin/routel
2026-09-23 16:53:26 Binary: /bin/rsh
2026-09-23 16:53:26 Binary: /bin/rtstat
2026-09-23 16:53:26 Binary: /bin/run-mailcap
2026-09-23 16:53:26 Binary: /bin/run-parts
2026-09-23 16:53:26 Binary: /bin/runcon
2026-09-23 16:53:26 Binary: /bin/savelog
2026-09-23 16:53:26 Binary: /bin/scp
2026-09-23 16:53:26 Binary: /bin/script
2026-09-23 16:53:26 Binary: /bin/scriptreplay
2026-09-23 16:53:26 Binary: /bin/sdiff
2026-09-23 16:53:26 Binary: /bin/sed
2026-09-23 16:53:26 Binary: /bin/see
2026-09-23 16:53:26 Binary: /bin/select-editor
2026-09-23 16:53:26 Binary: /bin/sensible-browser
2026-09-23 16:53:26 Binary: /bin/sensible-editor
2026-09-23 16:53:26 Binary: /bin/sensible-pager
2026-09-23 16:53:26 Binary: /bin/seq
2026-09-23 16:53:26 Binary: /bin/setarch
2026-09-23 16:53:26 Binary: /bin/setpriv
2026-09-23 16:53:26 Binary: /bin/setsid
2026-09-23 16:53:26 Binary: /bin/setterm
2026-09-23 16:53:26 Binary: /bin/sftp
2026-09-23 16:53:26 Binary: /bin/sg
2026-09-23 16:53:26 Binary: /bin/sh
2026-09-23 16:53:26 Binary: /bin/sha1sum
2026-09-23 16:53:26 Binary: /bin/sha224sum
2026-09-23 16:53:26 Binary: /bin/sha256sum
2026-09-23 16:53:26 Binary: /bin/sha384sum
2026-09-23 16:53:26 Binary: /bin/sha512sum
2026-09-23 16:53:26 Binary: /bin/shasum
2026-09-23 16:53:26 Binary: /bin/shred
2026-09-23 16:53:26 Binary: /bin/shuf
2026-09-23 16:53:26 Binary: /bin/skill
2026-09-23 16:53:26 Binary: /bin/slabtop
2026-09-23 16:53:26 Binary: /bin/sleep
2026-09-23 16:53:26 Binary: /bin/slogin
2026-09-23 16:53:26 Binary: /bin/snice
2026-09-23 16:53:26 Binary: /bin/sort
2026-09-23 16:53:26 Binary: /bin/splain
2026-09-23 16:53:26 Binary: /bin/split
2026-09-23 16:53:26 Binary: /bin/ss
2026-09-23 16:53:26 Binary: /bin/ssh
2026-09-23 16:53:26 Binary: /bin/ssh-add
2026-09-23 16:53:26 Binary: /bin/ssh-agent
2026-09-23 16:53:26 Binary: /bin/ssh-argv0
2026-09-23 16:53:26 Binary: /bin/ssh-copy-id
2026-09-23 16:53:26 Binary: /bin/ssh-keygen
2026-09-23 16:53:26 Binary: /bin/ssh-keyscan
2026-09-23 16:53:26 Binary: /bin/stat
2026-09-23 16:53:26 Binary: /bin/stdbuf
2026-09-23 16:53:26 Binary: /bin/stty
2026-09-23 16:53:26 Binary: /bin/su
2026-09-23 16:53:26 Binary: /bin/sudo
2026-09-23 16:53:26 Binary: /bin/sudoedit
2026-09-23 16:53:26 Binary: /bin/sudoreplay
2026-09-23 16:53:26 Binary: /bin/sum
2026-09-23 16:53:26 Binary: /bin/sync
2026-09-23 16:53:26 Binary: /bin/systemctl
2026-09-23 16:53:26 Binary: /bin/systemd
2026-09-23 16:53:26 Binary: /bin/systemd-analyze
2026-09-23 16:53:26 Binary: /bin/systemd-ask-password
2026-09-23 16:53:26 Binary: /bin/systemd-cat
2026-09-23 16:53:26 Binary: /bin/systemd-cgls
2026-09-23 16:53:26 Binary: /bin/systemd-cgtop
2026-09-23 16:53:26 Binary: /bin/systemd-delta
2026-09-23 16:53:26 Binary: /bin/systemd-detect-virt
2026-09-23 16:53:26 Binary: /bin/systemd-escape
2026-09-23 16:53:26 Binary: /bin/systemd-id128
2026-09-23 16:53:26 Binary: /bin/systemd-inhibit
2026-09-23 16:53:26 Binary: /bin/systemd-machine-id-setup
2026-09-23 16:53:26 Binary: /bin/systemd-mount
2026-09-23 16:53:26 Binary: /bin/systemd-notify
2026-09-23 16:53:26 Binary: /bin/systemd-path
2026-09-23 16:53:26 Binary: /bin/systemd-resolve
2026-09-23 16:53:26 Binary: /bin/systemd-run
2026-09-23 16:53:26 Binary: /bin/systemd-socket-activate
2026-09-23 16:53:26 Binary: /bin/systemd-stdio-bridge
2026-09-23 16:53:26 Binary: /bin/systemd-sysusers
2026-09-23 16:53:26 Binary: /bin/systemd-tmpfiles
2026-09-23 16:53:26 Binary: /bin/systemd-tty-ask-password-agent
2026-09-23 16:53:26 Binary: /bin/systemd-umount
2026-09-23 16:53:26 Binary: /bin/tabs
2026-09-23 16:53:26 Binary: /bin/tac
2026-09-23 16:53:26 Binary: /bin/tail
2026-09-23 16:53:26 Binary: /bin/tar
2026-09-23 16:53:26 Binary: /bin/taskset
2026-09-23 16:53:26 Binary: /bin/tee
2026-09-23 16:53:26 Binary: /bin/tempfile
2026-09-23 16:53:26 Binary: /bin/test
2026-09-23 16:53:26 Binary: /bin/tic
2026-09-23 16:53:26 Binary: /bin/timedatectl
2026-09-23 16:53:26 Binary: /bin/timeout
2026-09-23 16:53:26 Binary: /bin/tload
2026-09-23 16:53:26 Binary: /bin/toe
2026-09-23 16:53:26 Binary: /bin/top
2026-09-23 16:53:26 Binary: /bin/touch
2026-09-23 16:53:26 Binary: /bin/tput
2026-09-23 16:53:26 Binary: /bin/tr
2026-09-23 16:53:26 Binary: /bin/true
2026-09-23 16:53:27 Binary: /bin/truncate
2026-09-23 16:53:27 Binary: /bin/tset
2026-09-23 16:53:27 Binary: /bin/tsort
2026-09-23 16:53:27 Binary: /bin/tty
2026-09-23 16:53:27 Binary: /bin/tzselect
2026-09-23 16:53:27 Binary: /bin/ucf
2026-09-23 16:53:27 Binary: /bin/ucfq
2026-09-23 16:53:27 Binary: /bin/ucfr
2026-09-23 16:53:27 Binary: /bin/umount
2026-09-23 16:53:27 Binary: /bin/uname
2026-09-23 16:53:27 Binary: /bin/unattended-upgrade
2026-09-23 16:53:27 Binary: /bin/unattended-upgrades
2026-09-23 16:53:27 Binary: /bin/uncompress
2026-09-23 16:53:27 Binary: /bin/unexpand
2026-09-23 16:53:27 Binary: /bin/uniq
2026-09-23 16:53:27 Binary: /bin/unlink
2026-09-23 16:53:27 Binary: /bin/unlzma
2026-09-23 16:53:27 Binary: /bin/unshare
2026-09-23 16:53:27 Binary: /bin/unxz
2026-09-23 16:53:27 Binary: /bin/update-alternatives
2026-09-23 16:53:27 Binary: /bin/uptime
2026-09-23 16:53:27 Binary: /bin/users
2026-09-23 16:53:27 Binary: /bin/utmpdump
2026-09-23 16:53:27 Binary: /bin/vdir
2026-09-23 16:53:27 Binary: /bin/vmstat
2026-09-23 16:53:27 Binary: /bin/w
2026-09-23 16:53:27 Binary: /bin/w.procps
2026-09-23 16:53:27 Binary: /bin/wall
2026-09-23 16:53:27 Binary: /bin/watch
2026-09-23 16:53:27 Binary: /bin/wc
2026-09-23 16:53:27 Binary: /bin/wdctl
2026-09-23 16:53:27 Binary: /bin/whereis
2026-09-23 16:53:27 Binary: /bin/which
2026-09-23 16:53:27 Binary: /bin/who
2026-09-23 16:53:27 Binary: /bin/whoami
2026-09-23 16:53:27 Binary: /bin/x86_64
2026-09-23 16:53:27 Binary: /bin/xargs
2026-09-23 16:53:27 Binary: /bin/xsubpp
2026-09-23 16:53:27 Binary: /bin/xz
2026-09-23 16:53:27 Binary: /bin/xzcat
2026-09-23 16:53:27 Binary: /bin/xzcmp
2026-09-23 16:53:27 Binary: /bin/xzdiff
2026-09-23 16:53:27 Binary: /bin/xzegrep
2026-09-23 16:53:27 Binary: /bin/xzfgrep
2026-09-23 16:53:27 Binary: /bin/xzgrep
2026-09-23 16:53:27 Binary: /bin/xzless
2026-09-23 16:53:27 Binary: /bin/xzmore
2026-09-23 16:53:27 Binary: /bin/yes
2026-09-23 16:53:27 Binary: /bin/ypdomainname
2026-09-23 16:53:27 Binary: /bin/zcat
2026-09-23 16:53:27 Binary: /bin/zcmp
2026-09-23 16:53:27 Binary: /bin/zdiff
2026-09-23 16:53:27 Binary: /bin/zdump
2026-09-23 16:53:27 Binary: /bin/zegrep
2026-09-23 16:53:27 Binary: /bin/zfgrep
2026-09-23 16:53:27 Binary: /bin/zforce
2026-09-23 16:53:27 Binary: /bin/zgrep
2026-09-23 16:53:27 Binary: /bin/zipdetails
2026-09-23 16:53:27 Binary: /bin/zless
2026-09-23 16:53:27 Binary: /bin/zmore
2026-09-23 16:53:27 Binary: /bin/znew
2026-09-23 16:53:27 ===---------------------------------------------------------------===
2026-09-23 16:53:27 Test: Checking binaries in directory /sbin
2026-09-23 16:53:27 Directory /sbin exists. Starting directory scanning...
2026-09-23 16:53:27 Binary: /sbin/aa-audit
2026-09-23 16:53:27 Binary: /sbin/aa-autodep
2026-09-23 16:53:27 Binary: /sbin/aa-cleanprof
2026-09-23 16:53:27 Binary: /sbin/aa-complain
2026-09-23 16:53:27 Binary: /sbin/aa-decode
2026-09-23 16:53:27 Binary: /sbin/aa-disable
2026-09-23 16:53:27 Binary: /sbin/aa-enforce
2026-09-23 16:53:27 Binary: /sbin/aa-genprof
2026-09-23 16:53:27 Binary: /sbin/aa-logprof
2026-09-23 16:53:27 Binary: /sbin/aa-mergeprof
2026-09-23 16:53:27 Binary: /sbin/aa-remove-unknown
2026-09-23 16:53:27 Binary: /sbin/aa-status
2026-09-23 16:53:27 Binary: /sbin/aa-teardown
2026-09-23 16:53:27 Binary: /sbin/aa-unconfined
2026-09-23 16:53:27 Binary: /sbin/aa-update-browser
2026-09-23 16:53:27 Binary: /sbin/add-shell
2026-09-23 16:53:27 Binary: /sbin/addgroup
2026-09-23 16:53:27 Binary: /sbin/adduser
2026-09-23 16:53:27 Binary: /sbin/agetty
2026-09-23 16:53:27 Binary: /sbin/aideinit
2026-09-23 16:53:27 Binary: /sbin/apparmor_parser
2026-09-23 16:53:27 Binary: /sbin/apparmor_status
2026-09-23 16:53:27 Binary: /sbin/arp
2026-09-23 16:53:27 Binary: /sbin/arpd
2026-09-23 16:53:27 Binary: /sbin/arptables
2026-09-23 16:53:27 Binary: /sbin/arptables-nft
2026-09-23 16:53:27 Binary: /sbin/arptables-nft-restore
2026-09-23 16:53:27 Binary: /sbin/arptables-nft-save
2026-09-23 16:53:27 Binary: /sbin/arptables-restore
2026-09-23 16:53:27 Binary: /sbin/arptables-save
2026-09-23 16:53:27 Binary: /sbin/audispd
2026-09-23 16:53:27 Binary: /sbin/auditctl
2026-09-23 16:53:27 Binary: /sbin/auditd
2026-09-23 16:53:27 Binary: /sbin/augenrules
2026-09-23 16:53:27 Binary: /sbin/aureport
2026-09-23 16:53:27 Binary: /sbin/ausearch
2026-09-23 16:53:27 Binary: /sbin/autrace
2026-09-23 16:53:27 Binary: /sbin/badblocks
2026-09-23 16:53:27 Binary: /sbin/blkdiscard
2026-09-23 16:53:27 Binary: /sbin/blkid
2026-09-23 16:53:27 Binary: /sbin/blkzone
2026-09-23 16:53:27 Binary: /sbin/blockdev
2026-09-23 16:53:27 Binary: /sbin/bridge
2026-09-23 16:53:27 Binary: /sbin/capsh
2026-09-23 16:53:27 Binary: /sbin/cfdisk
2026-09-23 16:53:27 Binary: /sbin/chcpu
2026-09-23 16:53:27 Binary: /sbin/chgpasswd
2026-09-23 16:53:27 Binary: /sbin/chmem
2026-09-23 16:53:27 Binary: /sbin/chpasswd
2026-09-23 16:53:27 Binary: /sbin/chroot
2026-09-23 16:53:27 Binary: /sbin/cpgr
2026-09-23 16:53:27 Binary: /sbin/cppw
2026-09-23 16:53:27 Binary: /sbin/ctrlaltdel
2026-09-23 16:53:27 Binary: /sbin/debugfs
2026-09-23 16:53:27 Binary: /sbin/delgroup
2026-09-23 16:53:27 Binary: /sbin/deluser
2026-09-23 16:53:27 Binary: /sbin/devlink
2026-09-23 16:53:27 Binary: /sbin/dpkg-preconfigure
2026-09-23 16:53:27 Binary: /sbin/dpkg-reconfigure
2026-09-23 16:53:27 Binary: /sbin/dumpe2fs
2026-09-23 16:53:27 Binary: /sbin/e2freefrag
2026-09-23 16:53:27 Binary: /sbin/e2fsck
2026-09-23 16:53:27 Binary: /sbin/e2image
2026-09-23 16:53:27 Binary: /sbin/e2label
2026-09-23 16:53:27 Binary: /sbin/e2mmpstatus
2026-09-23 16:53:27 Binary: /sbin/e2scrub
2026-09-23 16:53:27 Binary: /sbin/e2scrub_all
2026-09-23 16:53:27 Binary: /sbin/e2undo
2026-09-23 16:53:27 Binary: /sbin/e4crypt
2026-09-23 16:53:27 Binary: /sbin/e4defrag
2026-09-23 16:53:27 Binary: /sbin/ebtables
2026-09-23 16:53:27 Binary: /sbin/ebtables-nft
2026-09-23 16:53:27 Binary: /sbin/ebtables-nft-restore
2026-09-23 16:53:27 Binary: /sbin/ebtables-nft-save
2026-09-23 16:53:27 Binary: /sbin/ebtables-restore
2026-09-23 16:53:27 Binary: /sbin/ebtables-save
2026-09-23 16:53:27 Binary: /sbin/faillock
2026-09-23 16:53:27 Binary: /sbin/fdformat
2026-09-23 16:53:27 Binary: /sbin/fdisk
2026-09-23 16:53:27 Binary: /sbin/filefrag
2026-09-23 16:53:27 Binary: /sbin/findfs
2026-09-23 16:53:27 Binary: /sbin/fsck
2026-09-23 16:53:27 Binary: /sbin/fsck.cramfs
2026-09-23 16:53:27 Binary: /sbin/fsck.ext2
2026-09-23 16:53:27 Binary: /sbin/fsck.ext3
2026-09-23 16:53:27 Binary: /sbin/fsck.ext4
2026-09-23 16:53:27 Binary: /sbin/fsck.minix
2026-09-23 16:53:27 Binary: /sbin/fsfreeze
2026-09-23 16:53:27 Binary: /sbin/fstab-decode
2026-09-23 16:53:27 Binary: /sbin/fstrim
2026-09-23 16:53:27 Binary: /sbin/genl
2026-09-23 16:53:27 Binary: /sbin/getcap
2026-09-23 16:53:27 Binary: /sbin/getpcaps
2026-09-23 16:53:27 Binary: /sbin/getty
2026-09-23 16:53:27 Binary: /sbin/groupadd
2026-09-23 16:53:27 Binary: /sbin/groupdel
2026-09-23 16:53:27 Binary: /sbin/groupmems
2026-09-23 16:53:27 Binary: /sbin/groupmod
2026-09-23 16:53:27 Binary: /sbin/grpck
2026-09-23 16:53:27 Binary: /sbin/grpconv
2026-09-23 16:53:27 Binary: /sbin/grpunconv
2026-09-23 16:53:27 Binary: /sbin/halt
2026-09-23 16:53:27 Binary: /sbin/hwclock
2026-09-23 16:53:27 Binary: /sbin/iconvconfig
2026-09-23 16:53:27 Binary: /sbin/ifconfig
2026-09-23 16:53:27 Binary: /sbin/init
2026-09-23 16:53:27 Binary: /sbin/initctl
2026-09-23 16:53:27 Binary: /sbin/installkernel
2026-09-23 16:53:27 Binary: /sbin/invoke-rc.d
2026-09-23 16:53:27 Binary: /sbin/ip
2026-09-23 16:53:27 Binary: /sbin/ip6tables
2026-09-23 16:53:27 Binary: /sbin/ip6tables-apply
2026-09-23 16:53:27 Binary: /sbin/ip6tables-legacy
2026-09-23 16:53:27 Binary: /sbin/ip6tables-legacy-restore
2026-09-23 16:53:27 Binary: /sbin/ip6tables-legacy-save
2026-09-23 16:53:27 Binary: /sbin/ip6tables-nft
2026-09-23 16:53:27 Binary: /sbin/ip6tables-nft-restore
2026-09-23 16:53:27 Binary: /sbin/ip6tables-nft-save
2026-09-23 16:53:27 Binary: /sbin/ip6tables-restore
2026-09-23 16:53:27 Binary: /sbin/ip6tables-restore-translate
2026-09-23 16:53:27 Binary: /sbin/ip6tables-save
2026-09-23 16:53:27 Binary: /sbin/ip6tables-translate
2026-09-23 16:53:27 Binary: /sbin/ipmaddr
2026-09-23 16:53:27 Binary: /sbin/iptables
2026-09-23 16:53:27 Binary: /sbin/iptables-apply
2026-09-23 16:53:27 Binary: /sbin/iptables-legacy
2026-09-23 16:53:27 Binary: /sbin/iptables-legacy-restore
2026-09-23 16:53:27 Binary: /sbin/iptables-legacy-save
2026-09-23 16:53:27 Binary: /sbin/iptables-nft
2026-09-23 16:53:27 Binary: /sbin/iptables-nft-restore
2026-09-23 16:53:27 Binary: /sbin/iptables-nft-save
2026-09-23 16:53:27 Binary: /sbin/iptables-restore
2026-09-23 16:53:27 Binary: /sbin/iptables-restore-translate
2026-09-23 16:53:27 Binary: /sbin/iptables-save
2026-09-23 16:53:27 Binary: /sbin/iptables-translate
2026-09-23 16:53:27 Binary: /sbin/iptunnel
2026-09-23 16:53:27 Binary: /sbin/isosize
2026-09-23 16:53:27 Binary: /sbin/killall5
2026-09-23 16:53:27 Binary: /sbin/ldattach
2026-09-23 16:53:27 Binary: /sbin/ldconfig
2026-09-23 16:53:27 Binary: /sbin/ldconfig.real
2026-09-23 16:53:27 Binary: /sbin/logsave
2026-09-23 16:53:27 Binary: /sbin/losetup
2026-09-23 16:53:27 Binary: /sbin/lynis
2026-09-23 16:53:27 Binary: /sbin/make-ssl-cert
2026-09-23 16:53:27 Binary: /sbin/mii-tool
2026-09-23 16:53:27 Binary: /sbin/mke2fs
2026-09-23 16:53:27 Binary: /sbin/mkfs
2026-09-23 16:53:27 Binary: /sbin/mkfs.bfs
2026-09-23 16:53:27 Binary: /sbin/mkfs.cramfs
2026-09-23 16:53:27 Binary: /sbin/mkfs.ext2
2026-09-23 16:53:27 Binary: /sbin/mkfs.ext3
2026-09-23 16:53:27 Binary: /sbin/mkfs.ext4
2026-09-23 16:53:27 Binary: /sbin/mkfs.minix
2026-09-23 16:53:27 Binary: /sbin/mkhomedir_helper
2026-09-23 16:53:27 Binary: /sbin/mklost+found
2026-09-23 16:53:27 Binary: /sbin/mkswap
2026-09-23 16:53:27 Binary: /sbin/nameif
2026-09-23 16:53:27 Binary: /sbin/newusers
2026-09-23 16:53:27 Binary: /sbin/nfnl_osf
2026-09-23 16:53:27 Binary: /sbin/nginx
2026-09-23 16:53:27 Binary: /sbin/nologin
2026-09-23 16:53:27 Binary: /sbin/pam-auth-update
2026-09-23 16:53:27 Binary: /sbin/pam_extrausers_chkpwd
2026-09-23 16:53:27 Binary: /sbin/pam_extrausers_update
2026-09-23 16:53:27 Binary: /sbin/pam_getenv
2026-09-23 16:53:27 Binary: /sbin/pam_tally
2026-09-23 16:53:27 Binary: /sbin/pam_tally2
2026-09-23 16:53:27 Binary: /sbin/pam_timestamp_check
2026-09-23 16:53:27 Binary: /sbin/pivot_root
2026-09-23 16:53:27 Binary: /sbin/plipconfig
2026-09-23 16:53:27 Binary: /sbin/policy-rc.d
2026-09-23 16:53:27 Binary: /sbin/postalias
2026-09-23 16:53:27 Binary: /sbin/postcat
2026-09-23 16:53:27 Binary: /sbin/postconf
2026-09-23 16:53:27 Binary: /sbin/postdrop
2026-09-23 16:53:27 Binary: /sbin/postfix
2026-09-23 16:53:27 Binary: /sbin/postfix-add-filter
2026-09-23 16:53:27 Binary: /sbin/postfix-add-policy
2026-09-23 16:53:27 Binary: /sbin/postkick
2026-09-23 16:53:27 Binary: /sbin/postlock
2026-09-23 16:53:27 Binary: /sbin/postlog
2026-09-23 16:53:27 Binary: /sbin/postmap
2026-09-23 16:53:27 Binary: /sbin/postmulti
2026-09-23 16:53:27 Binary: /sbin/postqueue
2026-09-23 16:53:27 Binary: /sbin/postsuper
2026-09-23 16:53:27 Binary: /sbin/posttls-finger
2026-09-23 16:53:27 Binary: /sbin/poweroff
2026-09-23 16:53:27 Binary: /sbin/pwck
2026-09-23 16:53:27 Binary: /sbin/pwconv
2026-09-23 16:53:27 Binary: /sbin/pwunconv
2026-09-23 16:53:27 Binary: /sbin/qmqp-sink
2026-09-23 16:53:27 Binary: /sbin/qmqp-source
2026-09-23 16:53:27 Binary: /sbin/qshape
2026-09-23 16:53:27 Binary: /sbin/rarp
2026-09-23 16:53:27 Binary: /sbin/raw
2026-09-23 16:53:27 Binary: /sbin/readprofile
2026-09-23 16:53:27 Binary: /sbin/reboot
2026-09-23 16:53:27 Binary: /sbin/remove-shell
2026-09-23 16:53:27 Binary: /sbin/resize2fs
2026-09-23 16:53:27 Binary: /sbin/rmail
2026-09-23 16:53:27 Binary: /sbin/rmt
2026-09-23 16:53:27 Binary: /sbin/rmt-tar
2026-09-23 16:53:27 Binary: /sbin/route
2026-09-23 16:53:27 Binary: /sbin/rtacct
2026-09-23 16:53:27 Binary: /sbin/rtcwake
2026-09-23 16:53:27 Binary: /sbin/rtmon
2026-09-23 16:53:27 Binary: /sbin/runlevel
2026-09-23 16:53:27 Binary: /sbin/runuser
2026-09-23 16:53:27 Binary: /sbin/sendmail
2026-09-23 16:53:27 Binary: /sbin/service
2026-09-23 16:53:27 Binary: /sbin/setcap
2026-09-23 16:53:27 Binary: /sbin/sfdisk
2026-09-23 16:53:27 Binary: /sbin/shadowconfig
2026-09-23 16:53:27 Binary: /sbin/shutdown
2026-09-23 16:53:27 Binary: /sbin/slattach
2026-09-23 16:53:27 Binary: /sbin/smtp-sink
2026-09-23 16:53:27 Binary: /sbin/smtp-source
2026-09-23 16:53:27 Binary: /sbin/sshd
2026-09-23 16:53:27 Binary: /sbin/start-stop-daemon
2026-09-23 16:53:27 Binary: /sbin/sulogin
2026-09-23 16:53:27 Binary: /sbin/swaplabel
2026-09-23 16:53:27 Binary: /sbin/swapoff
2026-09-23 16:53:27 Binary: /sbin/swapon
2026-09-23 16:53:27 Binary: /sbin/switch_root
2026-09-23 16:53:27 Binary: /sbin/sysctl
2026-09-23 16:53:27 Binary: /sbin/tarcat
2026-09-23 16:53:27 Binary: /sbin/tc
2026-09-23 16:53:27 Binary: /sbin/telinit
2026-09-23 16:53:27 Binary: /sbin/tipc
2026-09-23 16:53:27 Binary: /sbin/tune2fs
2026-09-23 16:53:27 Binary: /sbin/tzconfig
2026-09-23 16:53:27 Binary: /sbin/unix_chkpwd
2026-09-23 16:53:27 Binary: /sbin/unix_update
2026-09-23 16:53:27 Binary: /sbin/update-aide.conf
2026-09-23 16:53:27 Binary: /sbin/update-ca-certificates
2026-09-23 16:53:27 Binary: /sbin/update-mime
2026-09-23 16:53:27 Binary: /sbin/update-passwd
2026-09-23 16:53:27 Binary: /sbin/update-rc.d
2026-09-23 16:53:27 Binary: /sbin/useradd
2026-09-23 16:53:27 Binary: /sbin/userdel
2026-09-23 16:53:27 Binary: /sbin/usermod
2026-09-23 16:53:27 Binary: /sbin/vigr
2026-09-23 16:53:27 Binary: /sbin/vipw
2026-09-23 16:53:27 Binary: /sbin/visudo
2026-09-23 16:53:27 Binary: /sbin/wipefs
2026-09-23 16:53:27 Binary: /sbin/xtables-legacy-multi
2026-09-23 16:53:27 Binary: /sbin/xtables-monitor
2026-09-23 16:53:27 Binary: /sbin/xtables-nft-multi
2026-09-23 16:53:27 Binary: /sbin/zic
2026-09-23 16:53:27 Binary: /sbin/zramctl
2026-09-23 16:53:27 ===---------------------------------------------------------------===
2026-09-23 16:53:27 Test: Checking binaries in directory /usr/bin
2026-09-23 16:53:27 Directory /usr/bin exists. Starting directory scanning...
2026-09-23 16:53:27 Binary: /usr/bin/Mail
2026-09-23 16:53:27 Binary: /usr/bin/[
2026-09-23 16:53:27 Binary: /usr/bin/aa-enabled
2026-09-23 16:53:27 Binary: /usr/bin/aa-exec
2026-09-23 16:53:27 Binary: /usr/bin/add-apt-repository
2026-09-23 16:53:27 Binary: /usr/bin/addpart
2026-09-23 16:53:27 Binary: /usr/bin/aide
2026-09-23 16:53:27 Binary: /usr/bin/aide-attributes
2026-09-23 16:53:27 Binary: /usr/bin/aide.wrapper
2026-09-23 16:53:27 Binary: /usr/bin/apt
2026-09-23 16:53:27 Binary: /usr/bin/apt-add-repository
2026-09-23 16:53:27 Binary: /usr/bin/apt-cache
2026-09-23 16:53:27 Binary: /usr/bin/apt-cdrom
2026-09-23 16:53:27 Binary: /usr/bin/apt-config
2026-09-23 16:53:27 Binary: /usr/bin/apt-get
2026-09-23 16:53:27 Binary: /usr/bin/apt-key
2026-09-23 16:53:27 Binary: /usr/bin/apt-mark
2026-09-23 16:53:27 Binary: /usr/bin/apt-show-versions
2026-09-23 16:53:27 Binary: /usr/bin/arch
2026-09-23 16:53:27 Binary: /usr/bin/aulast
2026-09-23 16:53:27 Binary: /usr/bin/aulastlog
2026-09-23 16:53:27 Binary: /usr/bin/ausyscall
2026-09-23 16:53:27 Binary: /usr/bin/auvirt
2026-09-23 16:53:27 Binary: /usr/bin/awk
2026-09-23 16:53:27 Binary: /usr/bin/b2sum
2026-09-23 16:53:27 Binary: /usr/bin/base32
2026-09-23 16:53:27 Binary: /usr/bin/base64
2026-09-23 16:53:27 Binary: /usr/bin/basename
2026-09-23 16:53:27 Binary: /usr/bin/bash
2026-09-23 16:53:27 Binary: /usr/bin/bashbug
2026-09-23 16:53:27 Binary: /usr/bin/bootctl
2026-09-23 16:53:27 Binary: /usr/bin/bsd-mailx
2026-09-23 16:53:27 Binary: /usr/bin/bunzip2
2026-09-23 16:53:27 Binary: /usr/bin/busctl
2026-09-23 16:53:27 Binary: /usr/bin/bzcat
2026-09-23 16:53:27 Binary: /usr/bin/bzcmp
2026-09-23 16:53:27 Binary: /usr/bin/bzdiff
2026-09-23 16:53:27 Binary: /usr/bin/bzegrep
2026-09-23 16:53:27 Binary: /usr/bin/bzexe
2026-09-23 16:53:27 Binary: /usr/bin/bzfgrep
2026-09-23 16:53:27 Binary: /usr/bin/bzgrep
2026-09-23 16:53:27 Binary: /usr/bin/bzip2
2026-09-23 16:53:27 Binary: /usr/bin/bzip2recover
2026-09-23 16:53:27 Binary: /usr/bin/bzless
2026-09-23 16:53:27 Binary: /usr/bin/bzmore
2026-09-23 16:53:27 Binary: /usr/bin/c_rehash
2026-09-23 16:53:27 Binary: /usr/bin/captoinfo
2026-09-23 16:53:27 Binary: /usr/bin/cat
2026-09-23 16:53:27 Binary: /usr/bin/catchsegv
2026-09-23 16:53:27 Binary: /usr/bin/cautious-launcher
2026-09-23 16:53:27 Binary: /usr/bin/chage
2026-09-23 16:53:27 Binary: /usr/bin/chardet3
2026-09-23 16:53:27 Binary: /usr/bin/chardetect3
2026-09-23 16:53:27 Binary: /usr/bin/chattr
2026-09-23 16:53:27 Binary: /usr/bin/chcon
2026-09-23 16:53:27 Binary: /usr/bin/chfn
2026-09-23 16:53:27 Binary: /usr/bin/chgrp
2026-09-23 16:53:27 Binary: /usr/bin/chmod
2026-09-23 16:53:27 Binary: /usr/bin/choom
2026-09-23 16:53:27 Binary: /usr/bin/chown
2026-09-23 16:53:27 Binary: /usr/bin/chrt
2026-09-23 16:53:27 Binary: /usr/bin/chsh
2026-09-23 16:53:27 Binary: /usr/bin/cksum
2026-09-23 16:53:27 Binary: /usr/bin/clear
2026-09-23 16:53:27 Binary: /usr/bin/clear_console
2026-09-23 16:53:27 Binary: /usr/bin/cmp
2026-09-23 16:53:27 Binary: /usr/bin/comm
2026-09-23 16:53:27 Binary: /usr/bin/compose
2026-09-23 16:53:27 Binary: /usr/bin/corelist
2026-09-23 16:53:27 Binary: /usr/bin/cp
2026-09-23 16:53:27 Binary: /usr/bin/cpan
2026-09-23 16:53:27 Binary: /usr/bin/cpan5.30-x86_64-linux-gnu
2026-09-23 16:53:27 Binary: /usr/bin/cpio
2026-09-23 16:53:27 Binary: /usr/bin/csplit
2026-09-23 16:53:27 Binary: /usr/bin/ctstat
2026-09-23 16:53:27 Binary: /usr/bin/cut
2026-09-23 16:53:27 Binary: /usr/bin/cvtsudoers
2026-09-23 16:53:27 Binary: /usr/bin/dash
2026-09-23 16:53:27 Binary: /usr/bin/date
2026-09-23 16:53:27 Binary: /usr/bin/dbus-cleanup-sockets
2026-09-23 16:53:27 Binary: /usr/bin/dbus-daemon
2026-09-23 16:53:27 Binary: /usr/bin/dbus-monitor
2026-09-23 16:53:27 Binary: /usr/bin/dbus-run-session
2026-09-23 16:53:27 Binary: /usr/bin/dbus-send
2026-09-23 16:53:27 Binary: /usr/bin/dbus-update-activation-environment
2026-09-23 16:53:27 Binary: /usr/bin/dbus-uuidgen
2026-09-23 16:53:27 Binary: /usr/bin/dd
2026-09-23 16:53:27 Binary: /usr/bin/deb-systemd-helper
2026-09-23 16:53:27 Binary: /usr/bin/deb-systemd-invoke
2026-09-23 16:53:27 Binary: /usr/bin/debconf
2026-09-23 16:53:27 Binary: /usr/bin/debconf-apt-progress
2026-09-23 16:53:27 Binary: /usr/bin/debconf-communicate
2026-09-23 16:53:27 Binary: /usr/bin/debconf-copydb
2026-09-23 16:53:27 Binary: /usr/bin/debconf-escape
2026-09-23 16:53:27 Binary: /usr/bin/debconf-set-selections
2026-09-23 16:53:27 Binary: /usr/bin/debconf-show
2026-09-23 16:53:27 Binary: /usr/bin/delpart
2026-09-23 16:53:27 Binary: /usr/bin/df
2026-09-23 16:53:27 Binary: /usr/bin/diff
2026-09-23 16:53:27 Binary: /usr/bin/diff3
2026-09-23 16:53:27 Binary: /usr/bin/dir
2026-09-23 16:53:27 Binary: /usr/bin/dircolors
2026-09-23 16:53:27 Binary: /usr/bin/dirname
2026-09-23 16:53:27 Binary: /usr/bin/dmesg
2026-09-23 16:53:27 Binary: /usr/bin/dnsdomainname
2026-09-23 16:53:27 Binary: /usr/bin/domainname
2026-09-23 16:53:27 Binary: /usr/bin/dotlockfile
2026-09-23 16:53:27 Binary: /usr/bin/dpkg
2026-09-23 16:53:27 Binary: /usr/bin/dpkg-deb
2026-09-23 16:53:27 Binary: /usr/bin/dpkg-divert
2026-09-23 16:53:27 Binary: /usr/bin/dpkg-maintscript-helper
2026-09-23 16:53:27 Binary: /usr/bin/dpkg-query
2026-09-23 16:53:27 Binary: /usr/bin/dpkg-split
2026-09-23 16:53:27 Binary: /usr/bin/dpkg-statoverride
2026-09-23 16:53:27 Binary: /usr/bin/dpkg-trigger
2026-09-23 16:53:27 Binary: /usr/bin/du
2026-09-23 16:53:27 Binary: /usr/bin/echo
2026-09-23 16:53:27 Binary: /usr/bin/edit
2026-09-23 16:53:27 Binary: /usr/bin/egrep
2026-09-23 16:53:27 Binary: /usr/bin/enc2xs
2026-09-23 16:53:27 Binary: /usr/bin/encguess
2026-09-23 16:53:27 Binary: /usr/bin/env
2026-09-23 16:53:27 Binary: /usr/bin/expand
2026-09-23 16:53:27 Binary: /usr/bin/expiry
2026-09-23 16:53:27 Binary: /usr/bin/expr
2026-09-23 16:53:27 Binary: /usr/bin/factor
2026-09-23 16:53:27 Binary: /usr/bin/faillog
2026-09-23 16:53:27 Binary: /usr/bin/fallocate
2026-09-23 16:53:27 Binary: /usr/bin/false
2026-09-23 16:53:27 Binary: /usr/bin/fgrep
2026-09-23 16:53:27 Binary: /usr/bin/fincore
2026-09-23 16:53:27 Binary: /usr/bin/find
2026-09-23 16:53:27 Binary: /usr/bin/findmnt
2026-09-23 16:53:27 Binary: /usr/bin/flock
2026-09-23 16:53:27 Binary: /usr/bin/fmt
2026-09-23 16:53:27 Binary: /usr/bin/fold
2026-09-23 16:53:27 Binary: /usr/bin/free
2026-09-23 16:53:27 Binary: /usr/bin/gapplication
2026-09-23 16:53:27 Binary: /usr/bin/gdbus
2026-09-23 16:53:27 Binary: /usr/bin/getconf
2026-09-23 16:53:27 Binary: /usr/bin/getent
2026-09-23 16:53:27 Binary: /usr/bin/getopt
2026-09-23 16:53:27 Binary: /usr/bin/gio
2026-09-23 16:53:27 Binary: /usr/bin/gio-querymodules
2026-09-23 16:53:27 Binary: /usr/bin/glib-compile-schemas
2026-09-23 16:53:27 Binary: /usr/bin/gpasswd
2026-09-23 16:53:27 Binary: /usr/bin/gpg
2026-09-23 16:53:27 Binary: /usr/bin/gpg-connect-agent
2026-09-23 16:53:27 Binary: /usr/bin/gpgconf
2026-09-23 16:53:27 Binary: /usr/bin/gpgv
2026-09-23 16:53:27 Binary: /usr/bin/grep
2026-09-23 16:53:27 Binary: /usr/bin/gresource
2026-09-23 16:53:27 Binary: /usr/bin/groups
2026-09-23 16:53:27 Binary: /usr/bin/gsettings
2026-09-23 16:53:27 Binary: /usr/bin/gunzip
2026-09-23 16:53:27 Binary: /usr/bin/gzexe
2026-09-23 16:53:27 Binary: /usr/bin/gzip
2026-09-23 16:53:27 Binary: /usr/bin/h2ph
2026-09-23 16:53:27 Binary: /usr/bin/h2xs
2026-09-23 16:53:27 Binary: /usr/bin/head
2026-09-23 16:53:27 Binary: /usr/bin/hostid
2026-09-23 16:53:27 Binary: /usr/bin/hostname
2026-09-23 16:53:27 Binary: /usr/bin/hostnamectl
2026-09-23 16:53:27 Binary: /usr/bin/i386
2026-09-23 16:53:27 Binary: /usr/bin/iconv
2026-09-23 16:53:27 Binary: /usr/bin/id
2026-09-23 16:53:27 Binary: /usr/bin/infocmp
2026-09-23 16:53:27 Binary: /usr/bin/infotocap
2026-09-23 16:53:27 Binary: /usr/bin/install
2026-09-23 16:53:27 Binary: /usr/bin/instmodsh
2026-09-23 16:53:27 Binary: /usr/bin/ionice
2026-09-23 16:53:27 Binary: /usr/bin/ip
2026-09-23 16:53:27 Binary: /usr/bin/ipcmk
2026-09-23 16:53:27 Binary: /usr/bin/ipcrm
2026-09-23 16:53:27 Binary: /usr/bin/ipcs
2026-09-23 16:53:27 Binary: /usr/bin/iptables-xml
2026-09-23 16:53:27 Binary: /usr/bin/ischroot
2026-09-23 16:53:27 Binary: /usr/bin/join
2026-09-23 16:53:27 Binary: /usr/bin/journalctl
2026-09-23 16:53:27 Binary: /usr/bin/json_pp
2026-09-23 16:53:27 Binary: /usr/bin/kernel-install
2026-09-23 16:53:27 Binary: /usr/bin/kill
2026-09-23 16:53:27 Binary: /usr/bin/last
2026-09-23 16:53:27 Binary: /usr/bin/lastb
2026-09-23 16:53:27 Binary: /usr/bin/lastlog
2026-09-23 16:53:27 Binary: /usr/bin/lcf
2026-09-23 16:53:27 Binary: /usr/bin/ldd
2026-09-23 16:53:27 Binary: /usr/bin/libnetcfg
2026-09-23 16:53:27 Binary: /usr/bin/link
2026-09-23 16:53:27 Binary: /usr/bin/linux32
2026-09-23 16:53:27 Binary: /usr/bin/linux64
2026-09-23 16:53:27 Binary: /usr/bin/ln
2026-09-23 16:53:27 Binary: /usr/bin/lnstat
2026-09-23 16:53:27 Binary: /usr/bin/locale
2026-09-23 16:53:27 Binary: /usr/bin/locale-check
2026-09-23 16:53:27 Binary: /usr/bin/localectl
2026-09-23 16:53:27 Binary: /usr/bin/localedef
2026-09-23 16:53:27 Binary: /usr/bin/logger
2026-09-23 16:53:27 Binary: /usr/bin/login
2026-09-23 16:53:27 Binary: /usr/bin/loginctl
2026-09-23 16:53:27 Binary: /usr/bin/logname
2026-09-23 16:53:27 Binary: /usr/bin/ls
2026-09-23 16:53:27 Binary: /usr/bin/lsattr
2026-09-23 16:53:27 Binary: /usr/bin/lsb_release
2026-09-23 16:53:27 Binary: /usr/bin/lsblk
2026-09-23 16:53:27 Binary: /usr/bin/lscpu
2026-09-23 16:53:27 Binary: /usr/bin/lsipc
2026-09-23 16:53:27 Binary: /usr/bin/lslocks
2026-09-23 16:53:27 Binary: /usr/bin/lslogins
2026-09-23 16:53:27 Binary: /usr/bin/lsmem
2026-09-23 16:53:27 Binary: /usr/bin/lsns
2026-09-23 16:53:27 Binary: /usr/bin/lzcat
2026-09-23 16:53:27 Binary: /usr/bin/lzcmp
2026-09-23 16:53:27 Binary: /usr/bin/lzdiff
2026-09-23 16:53:27 Binary: /usr/bin/lzegrep
2026-09-23 16:53:27 Binary: /usr/bin/lzfgrep
2026-09-23 16:53:27 Binary: /usr/bin/lzgrep
2026-09-23 16:53:27 Binary: /usr/bin/lzless
2026-09-23 16:53:27 Binary: /usr/bin/lzma
2026-09-23 16:53:27 Binary: /usr/bin/lzmainfo
2026-09-23 16:53:27 Binary: /usr/bin/lzmore
2026-09-23 16:53:27 Binary: /usr/bin/mail
2026-09-23 16:53:27 Binary: /usr/bin/mailq
2026-09-23 16:53:27 Binary: /usr/bin/mailx
2026-09-23 16:53:27 Binary: /usr/bin/man
2026-09-23 16:53:27 Binary: /usr/bin/mawk
2026-09-23 16:53:27 Binary: /usr/bin/mcookie
2026-09-23 16:53:27 Binary: /usr/bin/md5sum
2026-09-23 16:53:27 Binary: /usr/bin/md5sum.textutils
2026-09-23 16:53:27 Binary: /usr/bin/mesg
2026-09-23 16:53:27 Binary: /usr/bin/mkdir
2026-09-23 16:53:27 Binary: /usr/bin/mkfifo
2026-09-23 16:53:27 Binary: /usr/bin/mknod
2026-09-23 16:53:27 Binary: /usr/bin/mktemp
2026-09-23 16:53:27 Binary: /usr/bin/more
2026-09-23 16:53:27 Binary: /usr/bin/mount
2026-09-23 16:53:27   Fount known binary: mount (File system tool) - /usr/bin/mount
2026-09-23 16:53:27 Binary: /usr/bin/mountpoint
2026-09-23 16:53:27 Binary: /usr/bin/mt
2026-09-23 16:53:27 Binary: /usr/bin/mt-gnu
2026-09-23 16:53:27 Binary: /usr/bin/mv
2026-09-23 16:53:27 Binary: /usr/bin/namei
2026-09-23 16:53:27 Binary: /usr/bin/nawk
2026-09-23 16:53:27 Binary: /usr/bin/netstat
2026-09-23 16:53:28 Binary: /usr/bin/networkctl
2026-09-23 16:53:28 Binary: /usr/bin/newaliases
2026-09-23 16:53:28 Binary: /usr/bin/newgrp
2026-09-23 16:53:28 Binary: /usr/bin/nice
2026-09-23 16:53:28 Binary: /usr/bin/nisdomainname
2026-09-23 16:53:28 Binary: /usr/bin/nl
2026-09-23 16:53:28 Binary: /usr/bin/nohup
2026-09-23 16:53:28 Binary: /usr/bin/nproc
2026-09-23 16:53:28 Binary: /usr/bin/nsenter
2026-09-23 16:53:28 Binary: /usr/bin/nstat
2026-09-23 16:53:28 Binary: /usr/bin/numfmt
2026-09-23 16:53:28 Binary: /usr/bin/od
2026-09-23 16:53:28 Binary: /usr/bin/openssl
2026-09-23 16:53:28 Binary: /usr/bin/pager
2026-09-23 16:53:28 Binary: /usr/bin/partx
2026-09-23 16:53:28 Binary: /usr/bin/passwd
2026-09-23 16:53:28 Binary: /usr/bin/paste
2026-09-23 16:53:28 Binary: /usr/bin/pathchk
2026-09-23 16:53:28 Binary: /usr/bin/pdb3
2026-09-23 16:53:28 Binary: /usr/bin/pdb3.8
2026-09-23 16:53:28 Binary: /usr/bin/perl
2026-09-23 16:53:28 Binary: /usr/bin/perl5.30-x86_64-linux-gnu
2026-09-23 16:53:28 Binary: /usr/bin/perl5.30.0
2026-09-23 16:53:28 Binary: /usr/bin/perlbug
2026-09-23 16:53:28 Binary: /usr/bin/perldoc
2026-09-23 16:53:28 Binary: /usr/bin/perlivp
2026-09-23 16:53:28 Binary: /usr/bin/perlthanks
2026-09-23 16:53:28 Binary: /usr/bin/pgrep
2026-09-23 16:53:28 Binary: /usr/bin/piconv
2026-09-23 16:53:28 Binary: /usr/bin/pidof
2026-09-23 16:53:28 Binary: /usr/bin/pinky
2026-09-23 16:53:28 Binary: /usr/bin/pkaction
2026-09-23 16:53:28 Binary: /usr/bin/pkcheck
2026-09-23 16:53:28 Binary: /usr/bin/pkexec
2026-09-23 16:53:28 Binary: /usr/bin/pkill
2026-09-23 16:53:28 Binary: /usr/bin/pkttyagent
2026-09-23 16:53:28 Binary: /usr/bin/pl2pm
2026-09-23 16:53:28 Binary: /usr/bin/pldd
2026-09-23 16:53:28 Binary: /usr/bin/pmap
2026-09-23 16:53:28 Binary: /usr/bin/pod2html
2026-09-23 16:53:28 Binary: /usr/bin/pod2man
2026-09-23 16:53:28 Binary: /usr/bin/pod2text
2026-09-23 16:53:28 Binary: /usr/bin/pod2usage
2026-09-23 16:53:28 Binary: /usr/bin/podchecker
2026-09-23 16:53:28 Binary: /usr/bin/podselect
2026-09-23 16:53:28 Binary: /usr/bin/pr
2026-09-23 16:53:28 Binary: /usr/bin/print
2026-09-23 16:53:28 Binary: /usr/bin/printenv
2026-09-23 16:53:28 Binary: /usr/bin/printf
2026-09-23 16:53:28 Binary: /usr/bin/prlimit
2026-09-23 16:53:28 Binary: /usr/bin/prove
2026-09-23 16:53:28 Binary: /usr/bin/ps
2026-09-23 16:53:28 Binary: /usr/bin/ptar
2026-09-23 16:53:28 Binary: /usr/bin/ptardiff
2026-09-23 16:53:28 Binary: /usr/bin/ptargrep
2026-09-23 16:53:28 Binary: /usr/bin/ptx
2026-09-23 16:53:28 Binary: /usr/bin/pwd
2026-09-23 16:53:28 Binary: /usr/bin/pwdx
2026-09-23 16:53:28 Binary: /usr/bin/py3clean
2026-09-23 16:53:28 Binary: /usr/bin/py3compile
2026-09-23 16:53:28 Binary: /usr/bin/py3versions
2026-09-23 16:53:28 Binary: /usr/bin/pydoc3
2026-09-23 16:53:28 Binary: /usr/bin/pydoc3.8
2026-09-23 16:53:28 Binary: /usr/bin/pygettext3
2026-09-23 16:53:28 Binary: /usr/bin/pygettext3.8
2026-09-23 16:53:28 Binary: /usr/bin/python3
2026-09-23 16:53:28 Binary: /usr/bin/python3.8
2026-09-23 16:53:28 Binary: /usr/bin/rbash
2026-09-23 16:53:28 Binary: /usr/bin/rcp
2026-09-23 16:53:28 Binary: /usr/bin/rdma
2026-09-23 16:53:28 Binary: /usr/bin/readlink
2026-09-23 16:53:28 Binary: /usr/bin/realpath
2026-09-23 16:53:28 Binary: /usr/bin/rename.ul
2026-09-23 16:53:28 Binary: /usr/bin/renice
2026-09-23 16:53:28 Binary: /usr/bin/reset
2026-09-23 16:53:28 Binary: /usr/bin/resizepart
2026-09-23 16:53:28 Binary: /usr/bin/resolvectl
2026-09-23 16:53:28 Binary: /usr/bin/rev
2026-09-23 16:53:28 Binary: /usr/bin/rgrep
2026-09-23 16:53:28 Binary: /usr/bin/rlogin
2026-09-23 16:53:28 Binary: /usr/bin/rm
2026-09-23 16:53:28 Binary: /usr/bin/rmail
2026-09-23 16:53:28 Binary: /usr/bin/rmdir
2026-09-23 16:53:28 Binary: /usr/bin/routef
2026-09-23 16:53:28 Binary: /usr/bin/routel
2026-09-23 16:53:28 Binary: /usr/bin/rsh
2026-09-23 16:53:28 Binary: /usr/bin/rtstat
2026-09-23 16:53:28 Binary: /usr/bin/run-mailcap
2026-09-23 16:53:28 Binary: /usr/bin/run-parts
2026-09-23 16:53:28 Binary: /usr/bin/runcon
2026-09-23 16:53:28 Binary: /usr/bin/savelog
2026-09-23 16:53:28 Binary: /usr/bin/scp
2026-09-23 16:53:28 Binary: /usr/bin/script
2026-09-23 16:53:28 Binary: /usr/bin/scriptreplay
2026-09-23 16:53:28 Binary: /usr/bin/sdiff
2026-09-23 16:53:28 Binary: /usr/bin/sed
2026-09-23 16:53:28 Binary: /usr/bin/see
2026-09-23 16:53:28 Binary: /usr/bin/select-editor
2026-09-23 16:53:28 Binary: /usr/bin/sensible-browser
2026-09-23 16:53:28 Binary: /usr/bin/sensible-editor
2026-09-23 16:53:28 Binary: /usr/bin/sensible-pager
2026-09-23 16:53:28 Binary: /usr/bin/seq
2026-09-23 16:53:28 Binary: /usr/bin/setarch
2026-09-23 16:53:28 Binary: /usr/bin/setpriv
2026-09-23 16:53:28 Binary: /usr/bin/setsid
2026-09-23 16:53:28 Binary: /usr/bin/setterm
2026-09-23 16:53:28 Binary: /usr/bin/sftp
2026-09-23 16:53:28 Binary: /usr/bin/sg
2026-09-23 16:53:28 Binary: /usr/bin/sh
2026-09-23 16:53:28 Binary: /usr/bin/sha1sum
2026-09-23 16:53:28 Binary: /usr/bin/sha224sum
2026-09-23 16:53:28 Binary: /usr/bin/sha256sum
2026-09-23 16:53:28 Binary: /usr/bin/sha384sum
2026-09-23 16:53:28 Binary: /usr/bin/sha512sum
2026-09-23 16:53:28 Binary: /usr/bin/shasum
2026-09-23 16:53:28 Binary: /usr/bin/shred
2026-09-23 16:53:28 Binary: /usr/bin/shuf
2026-09-23 16:53:28 Binary: /usr/bin/skill
2026-09-23 16:53:28 Binary: /usr/bin/slabtop
2026-09-23 16:53:28 Binary: /usr/bin/sleep
2026-09-23 16:53:28 Binary: /usr/bin/slogin
2026-09-23 16:53:28 Binary: /usr/bin/snice
2026-09-23 16:53:28 Binary: /usr/bin/sort
2026-09-23 16:53:28 Binary: /usr/bin/splain
2026-09-23 16:53:28 Binary: /usr/bin/split
2026-09-23 16:53:28 Binary: /usr/bin/ss
2026-09-23 16:53:28 Binary: /usr/bin/ssh
2026-09-23 16:53:28 Binary: /usr/bin/ssh-add
2026-09-23 16:53:28 Binary: /usr/bin/ssh-agent
2026-09-23 16:53:28 Binary: /usr/bin/ssh-argv0
2026-09-23 16:53:28 Binary: /usr/bin/ssh-copy-id
2026-09-23 16:53:28 Binary: /usr/bin/ssh-keygen
2026-09-23 16:53:28 Binary: /usr/bin/ssh-keyscan
2026-09-23 16:53:28 Binary: /usr/bin/stat
2026-09-23 16:53:28 Binary: /usr/bin/stdbuf
2026-09-23 16:53:28 Binary: /usr/bin/stty
2026-09-23 16:53:28 Binary: /usr/bin/su
2026-09-23 16:53:28 Binary: /usr/bin/sudo
2026-09-23 16:53:28 Binary: /usr/bin/sudoedit
2026-09-23 16:53:28 Binary: /usr/bin/sudoreplay
2026-09-23 16:53:28 Binary: /usr/bin/sum
2026-09-23 16:53:28 Binary: /usr/bin/sync
2026-09-23 16:53:28 Binary: /usr/bin/systemctl
2026-09-23 16:53:28 Binary: /usr/bin/systemd
2026-09-23 16:53:28 Binary: /usr/bin/systemd-analyze
2026-09-23 16:53:28 Binary: /usr/bin/systemd-ask-password
2026-09-23 16:53:28 Binary: /usr/bin/systemd-cat
2026-09-23 16:53:28 Binary: /usr/bin/systemd-cgls
2026-09-23 16:53:28 Binary: /usr/bin/systemd-cgtop
2026-09-23 16:53:28 Binary: /usr/bin/systemd-delta
2026-09-23 16:53:28 Binary: /usr/bin/systemd-detect-virt
2026-09-23 16:53:28 Binary: /usr/bin/systemd-escape
2026-09-23 16:53:28 Binary: /usr/bin/systemd-id128
2026-09-23 16:53:28 Binary: /usr/bin/systemd-inhibit
2026-09-23 16:53:28 Binary: /usr/bin/systemd-machine-id-setup
2026-09-23 16:53:28 Binary: /usr/bin/systemd-mount
2026-09-23 16:53:28 Binary: /usr/bin/systemd-notify
2026-09-23 16:53:28 Binary: /usr/bin/systemd-path
2026-09-23 16:53:28 Binary: /usr/bin/systemd-resolve
2026-09-23 16:53:28 Binary: /usr/bin/systemd-run
2026-09-23 16:53:28 Binary: /usr/bin/systemd-socket-activate
2026-09-23 16:53:28 Binary: /usr/bin/systemd-stdio-bridge
2026-09-23 16:53:28 Binary: /usr/bin/systemd-sysusers
2026-09-23 16:53:28 Binary: /usr/bin/systemd-tmpfiles
2026-09-23 16:53:28 Binary: /usr/bin/systemd-tty-ask-password-agent
2026-09-23 16:53:28 Binary: /usr/bin/systemd-umount
2026-09-23 16:53:28 Binary: /usr/bin/tabs
2026-09-23 16:53:28 Binary: /usr/bin/tac
2026-09-23 16:53:28 Binary: /usr/bin/tail
2026-09-23 16:53:28 Binary: /usr/bin/tar
2026-09-23 16:53:28 Binary: /usr/bin/taskset
2026-09-23 16:53:28 Binary: /usr/bin/tee
2026-09-23 16:53:28 Binary: /usr/bin/tempfile
2026-09-23 16:53:28 Binary: /usr/bin/test
2026-09-23 16:53:28 Binary: /usr/bin/tic
2026-09-23 16:53:28 Binary: /usr/bin/timedatectl
2026-09-23 16:53:28 Binary: /usr/bin/timeout
2026-09-23 16:53:28 Binary: /usr/bin/tload
2026-09-23 16:53:28 Binary: /usr/bin/toe
2026-09-23 16:53:28 Binary: /usr/bin/top
2026-09-23 16:53:28 Binary: /usr/bin/touch
2026-09-23 16:53:28 Binary: /usr/bin/tput
2026-09-23 16:53:28 Binary: /usr/bin/tr
2026-09-23 16:53:28 Binary: /usr/bin/true
2026-09-23 16:53:28 Binary: /usr/bin/truncate
2026-09-23 16:53:28 Binary: /usr/bin/tset
2026-09-23 16:53:28 Binary: /usr/bin/tsort
2026-09-23 16:53:28 Binary: /usr/bin/tty
2026-09-23 16:53:28 Binary: /usr/bin/tzselect
2026-09-23 16:53:28 Binary: /usr/bin/ucf
2026-09-23 16:53:28 Binary: /usr/bin/ucfq
2026-09-23 16:53:28 Binary: /usr/bin/ucfr
2026-09-23 16:53:28 Binary: /usr/bin/umount
2026-09-23 16:53:28 Binary: /usr/bin/uname
2026-09-23 16:53:28 Binary: /usr/bin/unattended-upgrade
2026-09-23 16:53:28 Binary: /usr/bin/unattended-upgrades
2026-09-23 16:53:28 Binary: /usr/bin/uncompress
2026-09-23 16:53:28 Binary: /usr/bin/unexpand
2026-09-23 16:53:28 Binary: /usr/bin/uniq
2026-09-23 16:53:28 Binary: /usr/bin/unlink
2026-09-23 16:53:28 Binary: /usr/bin/unlzma
2026-09-23 16:53:28 Binary: /usr/bin/unshare
2026-09-23 16:53:28 Binary: /usr/bin/unxz
2026-09-23 16:53:28 Binary: /usr/bin/update-alternatives
2026-09-23 16:53:28 Binary: /usr/bin/uptime
2026-09-23 16:53:28 Binary: /usr/bin/users
2026-09-23 16:53:28 Binary: /usr/bin/utmpdump
2026-09-23 16:53:28 Binary: /usr/bin/vdir
2026-09-23 16:53:28 Binary: /usr/bin/vmstat
2026-09-23 16:53:28 Binary: /usr/bin/w
2026-09-23 16:53:28 Binary: /usr/bin/w.procps
2026-09-23 16:53:28 Binary: /usr/bin/wall
2026-09-23 16:53:28 Binary: /usr/bin/watch
2026-09-23 16:53:28 Binary: /usr/bin/wc
2026-09-23 16:53:28 Binary: /usr/bin/wdctl
2026-09-23 16:53:28 Binary: /usr/bin/whereis
2026-09-23 16:53:28 Binary: /usr/bin/which
2026-09-23 16:53:28 Binary: /usr/bin/who
2026-09-23 16:53:28 Binary: /usr/bin/whoami
2026-09-23 16:53:28 Binary: /usr/bin/x86_64
2026-09-23 16:53:28 Binary: /usr/bin/xargs
2026-09-23 16:53:28 Binary: /usr/bin/xsubpp
2026-09-23 16:53:28 Binary: /usr/bin/xz
2026-09-23 16:53:28 Binary: /usr/bin/xzcat
2026-09-23 16:53:28 Binary: /usr/bin/xzcmp
2026-09-23 16:53:28 Binary: /usr/bin/xzdiff
2026-09-23 16:53:28 Binary: /usr/bin/xzegrep
2026-09-23 16:53:28 Binary: /usr/bin/xzfgrep
2026-09-23 16:53:28 Binary: /usr/bin/xzgrep
2026-09-23 16:53:28 Binary: /usr/bin/xzless
2026-09-23 16:53:28 Binary: /usr/bin/xzmore
2026-09-23 16:53:28 Binary: /usr/bin/yes
2026-09-23 16:53:28 Binary: /usr/bin/ypdomainname
2026-09-23 16:53:28 Binary: /usr/bin/zcat
2026-09-23 16:53:28 Binary: /usr/bin/zcmp
2026-09-23 16:53:28 Binary: /usr/bin/zdiff
2026-09-23 16:53:28 Binary: /usr/bin/zdump
2026-09-23 16:53:28 Binary: /usr/bin/zegrep
2026-09-23 16:53:28 Binary: /usr/bin/zfgrep
2026-09-23 16:53:28 Binary: /usr/bin/zforce
2026-09-23 16:53:28 Binary: /usr/bin/zgrep
2026-09-23 16:53:28 Binary: /usr/bin/zipdetails
2026-09-23 16:53:28 Binary: /usr/bin/zless
2026-09-23 16:53:28 Binary: /usr/bin/zmore
2026-09-23 16:53:28 Binary: /usr/bin/znew
2026-09-23 16:53:28 ===---------------------------------------------------------------===
2026-09-23 16:53:28 Test: Checking binaries in directory /usr/sbin
2026-09-23 16:53:28 Directory /usr/sbin exists. Starting directory scanning...
2026-09-23 16:53:28 Binary: /usr/sbin/aa-audit
2026-09-23 16:53:28 Binary: /usr/sbin/aa-autodep
2026-09-23 16:53:28 Binary: /usr/sbin/aa-cleanprof
2026-09-23 16:53:28 Binary: /usr/sbin/aa-complain
2026-09-23 16:53:28 Binary: /usr/sbin/aa-decode
2026-09-23 16:53:28 Binary: /usr/sbin/aa-disable
2026-09-23 16:53:28 Binary: /usr/sbin/aa-enforce
2026-09-23 16:53:28 Binary: /usr/sbin/aa-genprof
2026-09-23 16:53:28 Binary: /usr/sbin/aa-logprof
2026-09-23 16:53:28 Binary: /usr/sbin/aa-mergeprof
2026-09-23 16:53:28 Binary: /usr/sbin/aa-remove-unknown
2026-09-23 16:53:28 Binary: /usr/sbin/aa-status
2026-09-23 16:53:28 Binary: /usr/sbin/aa-teardown
2026-09-23 16:53:28 Binary: /usr/sbin/aa-unconfined
2026-09-23 16:53:28 Binary: /usr/sbin/aa-update-browser
2026-09-23 16:53:28 Binary: /usr/sbin/add-shell
2026-09-23 16:53:28 Binary: /usr/sbin/addgroup
2026-09-23 16:53:28 Binary: /usr/sbin/adduser
2026-09-23 16:53:28 Binary: /usr/sbin/agetty
2026-09-23 16:53:28 Binary: /usr/sbin/aideinit
2026-09-23 16:53:28 Binary: /usr/sbin/apparmor_parser
2026-09-23 16:53:28 Binary: /usr/sbin/apparmor_status
2026-09-23 16:53:28 Binary: /usr/sbin/arp
2026-09-23 16:53:28 Binary: /usr/sbin/arpd
2026-09-23 16:53:28 Binary: /usr/sbin/arptables
2026-09-23 16:53:28 Binary: /usr/sbin/arptables-nft
2026-09-23 16:53:28 Binary: /usr/sbin/arptables-nft-restore
2026-09-23 16:53:28 Binary: /usr/sbin/arptables-nft-save
2026-09-23 16:53:28 Binary: /usr/sbin/arptables-restore
2026-09-23 16:53:28 Binary: /usr/sbin/arptables-save
2026-09-23 16:53:28 Binary: /usr/sbin/audispd
2026-09-23 16:53:28 Binary: /usr/sbin/auditctl
2026-09-23 16:53:28 Binary: /usr/sbin/auditd
2026-09-23 16:53:28 Binary: /usr/sbin/augenrules
2026-09-23 16:53:28 Binary: /usr/sbin/aureport
2026-09-23 16:53:28 Binary: /usr/sbin/ausearch
2026-09-23 16:53:28 Binary: /usr/sbin/autrace
2026-09-23 16:53:28 Binary: /usr/sbin/badblocks
2026-09-23 16:53:28 Binary: /usr/sbin/blkdiscard
2026-09-23 16:53:28 Binary: /usr/sbin/blkid
2026-09-23 16:53:28 Binary: /usr/sbin/blkzone
2026-09-23 16:53:28 Binary: /usr/sbin/blockdev
2026-09-23 16:53:28 Binary: /usr/sbin/bridge
2026-09-23 16:53:28 Binary: /usr/sbin/capsh
2026-09-23 16:53:28 Binary: /usr/sbin/cfdisk
2026-09-23 16:53:28 Binary: /usr/sbin/chcpu
2026-09-23 16:53:28 Binary: /usr/sbin/chgpasswd
2026-09-23 16:53:28 Binary: /usr/sbin/chmem
2026-09-23 16:53:28 Binary: /usr/sbin/chpasswd
2026-09-23 16:53:28 Binary: /usr/sbin/chroot
2026-09-23 16:53:28 Binary: /usr/sbin/cpgr
2026-09-23 16:53:28 Binary: /usr/sbin/cppw
2026-09-23 16:53:28 Binary: /usr/sbin/ctrlaltdel
2026-09-23 16:53:28 Binary: /usr/sbin/debugfs
2026-09-23 16:53:28 Binary: /usr/sbin/delgroup
2026-09-23 16:53:28 Binary: /usr/sbin/deluser
2026-09-23 16:53:28 Binary: /usr/sbin/devlink
2026-09-23 16:53:28 Binary: /usr/sbin/dpkg-preconfigure
2026-09-23 16:53:28 Binary: /usr/sbin/dpkg-reconfigure
2026-09-23 16:53:28 Binary: /usr/sbin/dumpe2fs
2026-09-23 16:53:28 Binary: /usr/sbin/e2freefrag
2026-09-23 16:53:28 Binary: /usr/sbin/e2fsck
2026-09-23 16:53:28 Binary: /usr/sbin/e2image
2026-09-23 16:53:28 Binary: /usr/sbin/e2label
2026-09-23 16:53:28 Binary: /usr/sbin/e2mmpstatus
2026-09-23 16:53:28 Binary: /usr/sbin/e2scrub
2026-09-23 16:53:28 Binary: /usr/sbin/e2scrub_all
2026-09-23 16:53:28 Binary: /usr/sbin/e2undo
2026-09-23 16:53:28 Binary: /usr/sbin/e4crypt
2026-09-23 16:53:28 Binary: /usr/sbin/e4defrag
2026-09-23 16:53:28 Binary: /usr/sbin/ebtables
2026-09-23 16:53:28 Binary: /usr/sbin/ebtables-nft
2026-09-23 16:53:28 Binary: /usr/sbin/ebtables-nft-restore
2026-09-23 16:53:28 Binary: /usr/sbin/ebtables-nft-save
2026-09-23 16:53:28 Binary: /usr/sbin/ebtables-restore
2026-09-23 16:53:28 Binary: /usr/sbin/ebtables-save
2026-09-23 16:53:28 Binary: /usr/sbin/faillock
2026-09-23 16:53:28 Binary: /usr/sbin/fdformat
2026-09-23 16:53:28 Binary: /usr/sbin/fdisk
2026-09-23 16:53:28 Binary: /usr/sbin/filefrag
2026-09-23 16:53:28 Binary: /usr/sbin/findfs
2026-09-23 16:53:28 Binary: /usr/sbin/fsck
2026-09-23 16:53:28 Binary: /usr/sbin/fsck.cramfs
2026-09-23 16:53:28 Binary: /usr/sbin/fsck.ext2
2026-09-23 16:53:28 Binary: /usr/sbin/fsck.ext3
2026-09-23 16:53:28 Binary: /usr/sbin/fsck.ext4
2026-09-23 16:53:28 Binary: /usr/sbin/fsck.minix
2026-09-23 16:53:28 Binary: /usr/sbin/fsfreeze
2026-09-23 16:53:28 Binary: /usr/sbin/fstab-decode
2026-09-23 16:53:28 Binary: /usr/sbin/fstrim
2026-09-23 16:53:28 Binary: /usr/sbin/genl
2026-09-23 16:53:28 Binary: /usr/sbin/getcap
2026-09-23 16:53:28 Binary: /usr/sbin/getpcaps
2026-09-23 16:53:28 Binary: /usr/sbin/getty
2026-09-23 16:53:28 Binary: /usr/sbin/groupadd
2026-09-23 16:53:28 Binary: /usr/sbin/groupdel
2026-09-23 16:53:28 Binary: /usr/sbin/groupmems
2026-09-23 16:53:28 Binary: /usr/sbin/groupmod
2026-09-23 16:53:28 Binary: /usr/sbin/grpck
2026-09-23 16:53:28 Binary: /usr/sbin/grpconv
2026-09-23 16:53:28 Binary: /usr/sbin/grpunconv
2026-09-23 16:53:28 Binary: /usr/sbin/halt
2026-09-23 16:53:28 Binary: /usr/sbin/hwclock
2026-09-23 16:53:28 Binary: /usr/sbin/iconvconfig
2026-09-23 16:53:28 Binary: /usr/sbin/ifconfig
2026-09-23 16:53:28 Binary: /usr/sbin/init
2026-09-23 16:53:28 Binary: /usr/sbin/initctl
2026-09-23 16:53:28 Binary: /usr/sbin/installkernel
2026-09-23 16:53:28 Binary: /usr/sbin/invoke-rc.d
2026-09-23 16:53:28 Binary: /usr/sbin/ip
2026-09-23 16:53:28 Binary: /usr/sbin/ip6tables
2026-09-23 16:53:28 Binary: /usr/sbin/ip6tables-apply
2026-09-23 16:53:28 Binary: /usr/sbin/ip6tables-legacy
2026-09-23 16:53:28 Binary: /usr/sbin/ip6tables-legacy-restore
2026-09-23 16:53:28 Binary: /usr/sbin/ip6tables-legacy-save
2026-09-23 16:53:28 Binary: /usr/sbin/ip6tables-nft
2026-09-23 16:53:28 Binary: /usr/sbin/ip6tables-nft-restore
2026-09-23 16:53:28 Binary: /usr/sbin/ip6tables-nft-save
2026-09-23 16:53:28 Binary: /usr/sbin/ip6tables-restore
2026-09-23 16:53:28 Binary: /usr/sbin/ip6tables-restore-translate
2026-09-23 16:53:28 Binary: /usr/sbin/ip6tables-save
2026-09-23 16:53:28 Binary: /usr/sbin/ip6tables-translate
2026-09-23 16:53:28 Binary: /usr/sbin/ipmaddr
2026-09-23 16:53:28 Binary: /usr/sbin/iptables
2026-09-23 16:53:28 Binary: /usr/sbin/iptables-apply
2026-09-23 16:53:28 Binary: /usr/sbin/iptables-legacy
2026-09-23 16:53:28 Binary: /usr/sbin/iptables-legacy-restore
2026-09-23 16:53:28 Binary: /usr/sbin/iptables-legacy-save
2026-09-23 16:53:28 Binary: /usr/sbin/iptables-nft
2026-09-23 16:53:28 Binary: /usr/sbin/iptables-nft-restore
2026-09-23 16:53:28 Binary: /usr/sbin/iptables-nft-save
2026-09-23 16:53:28 Binary: /usr/sbin/iptables-restore
2026-09-23 16:53:28 Binary: /usr/sbin/iptables-restore-translate
2026-09-23 16:53:28 Binary: /usr/sbin/iptables-save
2026-09-23 16:53:28 Binary: /usr/sbin/iptables-translate
2026-09-23 16:53:28 Binary: /usr/sbin/iptunnel
2026-09-23 16:53:28 Binary: /usr/sbin/isosize
2026-09-23 16:53:28 Binary: /usr/sbin/killall5
2026-09-23 16:53:28 Binary: /usr/sbin/ldattach
2026-09-23 16:53:28 Binary: /usr/sbin/ldconfig
2026-09-23 16:53:28 Binary: /usr/sbin/ldconfig.real
2026-09-23 16:53:28 Binary: /usr/sbin/logsave
2026-09-23 16:53:28 Binary: /usr/sbin/losetup
2026-09-23 16:53:28 Binary: /usr/sbin/lynis
2026-09-23 16:53:28 Binary: /usr/sbin/make-ssl-cert
2026-09-23 16:53:28 Binary: /usr/sbin/mii-tool
2026-09-23 16:53:28 Binary: /usr/sbin/mke2fs
2026-09-23 16:53:28 Binary: /usr/sbin/mkfs
2026-09-23 16:53:28 Binary: /usr/sbin/mkfs.bfs
2026-09-23 16:53:28 Binary: /usr/sbin/mkfs.cramfs
2026-09-23 16:53:28 Binary: /usr/sbin/mkfs.ext2
2026-09-23 16:53:28 Binary: /usr/sbin/mkfs.ext3
2026-09-23 16:53:28 Binary: /usr/sbin/mkfs.ext4
2026-09-23 16:53:28 Binary: /usr/sbin/mkfs.minix
2026-09-23 16:53:28 Binary: /usr/sbin/mkhomedir_helper
2026-09-23 16:53:28 Binary: /usr/sbin/mklost+found
2026-09-23 16:53:28 Binary: /usr/sbin/mkswap
2026-09-23 16:53:28 Binary: /usr/sbin/nameif
2026-09-23 16:53:28 Binary: /usr/sbin/newusers
2026-09-23 16:53:28 Binary: /usr/sbin/nfnl_osf
2026-09-23 16:53:28 Binary: /usr/sbin/nginx
2026-09-23 16:53:28 Binary: /usr/sbin/nologin
2026-09-23 16:53:28 Binary: /usr/sbin/pam-auth-update
2026-09-23 16:53:28 Binary: /usr/sbin/pam_extrausers_chkpwd
2026-09-23 16:53:28 Binary: /usr/sbin/pam_extrausers_update
2026-09-23 16:53:28 Binary: /usr/sbin/pam_getenv
2026-09-23 16:53:28 Binary: /usr/sbin/pam_tally
2026-09-23 16:53:28 Binary: /usr/sbin/pam_tally2
2026-09-23 16:53:28 Binary: /usr/sbin/pam_timestamp_check
2026-09-23 16:53:28 Binary: /usr/sbin/pivot_root
2026-09-23 16:53:28 Binary: /usr/sbin/plipconfig
2026-09-23 16:53:28 Binary: /usr/sbin/policy-rc.d
2026-09-23 16:53:28 Binary: /usr/sbin/postalias
2026-09-23 16:53:28 Binary: /usr/sbin/postcat
2026-09-23 16:53:28 Binary: /usr/sbin/postconf
2026-09-23 16:53:28 Binary: /usr/sbin/postdrop
2026-09-23 16:53:28 Binary: /usr/sbin/postfix
2026-09-23 16:53:28 Binary: /usr/sbin/postfix-add-filter
2026-09-23 16:53:28 Binary: /usr/sbin/postfix-add-policy
2026-09-23 16:53:28 Binary: /usr/sbin/postkick
2026-09-23 16:53:28 Binary: /usr/sbin/postlock
2026-09-23 16:53:28 Binary: /usr/sbin/postlog
2026-09-23 16:53:28 Binary: /usr/sbin/postmap
2026-09-23 16:53:28 Binary: /usr/sbin/postmulti
2026-09-23 16:53:28 Binary: /usr/sbin/postqueue
2026-09-23 16:53:28 Binary: /usr/sbin/postsuper
2026-09-23 16:53:28 Binary: /usr/sbin/posttls-finger
2026-09-23 16:53:28 Binary: /usr/sbin/poweroff
2026-09-23 16:53:28 Binary: /usr/sbin/pwck
2026-09-23 16:53:28 Binary: /usr/sbin/pwconv
2026-09-23 16:53:28 Binary: /usr/sbin/pwunconv
2026-09-23 16:53:28 Binary: /usr/sbin/qmqp-sink
2026-09-23 16:53:28 Binary: /usr/sbin/qmqp-source
2026-09-23 16:53:28 Binary: /usr/sbin/qshape
2026-09-23 16:53:28 Binary: /usr/sbin/rarp
2026-09-23 16:53:28 Binary: /usr/sbin/raw
2026-09-23 16:53:28 Binary: /usr/sbin/readprofile
2026-09-23 16:53:28 Binary: /usr/sbin/reboot
2026-09-23 16:53:28 Binary: /usr/sbin/remove-shell
2026-09-23 16:53:28 Binary: /usr/sbin/resize2fs
2026-09-23 16:53:28 Binary: /usr/sbin/rmail
2026-09-23 16:53:28 Binary: /usr/sbin/rmt
2026-09-23 16:53:28 Binary: /usr/sbin/rmt-tar
2026-09-23 16:53:28 Binary: /usr/sbin/route
2026-09-23 16:53:28 Binary: /usr/sbin/rtacct
2026-09-23 16:53:28 Binary: /usr/sbin/rtcwake
2026-09-23 16:53:28 Binary: /usr/sbin/rtmon
2026-09-23 16:53:28 Binary: /usr/sbin/runlevel
2026-09-23 16:53:28 Binary: /usr/sbin/runuser
2026-09-23 16:53:28 Binary: /usr/sbin/sendmail
2026-09-23 16:53:28 Binary: /usr/sbin/service
2026-09-23 16:53:28 Binary: /usr/sbin/setcap
2026-09-23 16:53:28 Binary: /usr/sbin/sfdisk
2026-09-23 16:53:28 Binary: /usr/sbin/shadowconfig
2026-09-23 16:53:28 Binary: /usr/sbin/shutdown
2026-09-23 16:53:28 Binary: /usr/sbin/slattach
2026-09-23 16:53:28 Binary: /usr/sbin/smtp-sink
2026-09-23 16:53:28 Binary: /usr/sbin/smtp-source
2026-09-23 16:53:28 Binary: /usr/sbin/sshd
2026-09-23 16:53:28 Binary: /usr/sbin/start-stop-daemon
2026-09-23 16:53:28 Binary: /usr/sbin/sulogin
2026-09-23 16:53:28 Binary: /usr/sbin/swaplabel
2026-09-23 16:53:28 Binary: /usr/sbin/swapoff
2026-09-23 16:53:28 Binary: /usr/sbin/swapon
2026-09-23 16:53:28 Binary: /usr/sbin/switch_root
2026-09-23 16:53:28 Binary: /usr/sbin/sysctl
2026-09-23 16:53:28 Binary: /usr/sbin/tarcat
2026-09-23 16:53:28 Binary: /usr/sbin/tc
2026-09-23 16:53:28 Binary: /usr/sbin/telinit
2026-09-23 16:53:28 Binary: /usr/sbin/tipc
2026-09-23 16:53:28 Binary: /usr/sbin/tune2fs
2026-09-23 16:53:28 Binary: /usr/sbin/tzconfig
2026-09-23 16:53:28 Binary: /usr/sbin/unix_chkpwd
2026-09-23 16:53:28 Binary: /usr/sbin/unix_update
2026-09-23 16:53:28 Binary: /usr/sbin/update-aide.conf
2026-09-23 16:53:28 Binary: /usr/sbin/update-ca-certificates
2026-09-23 16:53:28 Binary: /usr/sbin/update-mime
2026-09-23 16:53:28 Binary: /usr/sbin/update-passwd
2026-09-23 16:53:28 Binary: /usr/sbin/update-rc.d
2026-09-23 16:53:28 Binary: /usr/sbin/useradd
2026-09-23 16:53:28 Binary: /usr/sbin/userdel
2026-09-23 16:53:28 Binary: /usr/sbin/usermod
2026-09-23 16:53:28 Binary: /usr/sbin/vigr
2026-09-23 16:53:28 Binary: /usr/sbin/vipw
2026-09-23 16:53:28 Binary: /usr/sbin/visudo
2026-09-23 16:53:28 Binary: /usr/sbin/wipefs
2026-09-23 16:53:28 Binary: /usr/sbin/xtables-legacy-multi
2026-09-23 16:53:28 Binary: /usr/sbin/xtables-monitor
2026-09-23 16:53:28 Binary: /usr/sbin/xtables-nft-multi
2026-09-23 16:53:28 Binary: /usr/sbin/zic
2026-09-23 16:53:28 Binary: /usr/sbin/zramctl
2026-09-23 16:53:28 ===---------------------------------------------------------------===
2026-09-23 16:53:28 Test: Checking binaries in directory /usr/local/bin
2026-09-23 16:53:28 Directory /usr/local/bin exists. Starting directory scanning...
2026-09-23 16:53:28 ===---------------------------------------------------------------===
2026-09-23 16:53:28 Test: Checking binaries in directory /usr/local/sbin
2026-09-23 16:53:28 Directory /usr/local/sbin exists. Starting directory scanning...
2026-09-23 16:53:28 Binary: /usr/local/sbin/unminimize
2026-09-23 16:53:28 ===---------------------------------------------------------------===
2026-09-23 16:53:28 Discovered directories: /bin, /sbin, /usr/bin, /usr/sbin, /usr/local/bin, /usr/local/sbin
2026-09-23 16:53:28 CUST-0001 Result: found 1479 binaries
2026-09-23 16:53:28 Status: Starting Authentication checks...
2026-09-23 16:53:28 Status: Checking if libpam-tmpdir is installed and enabled...
2026-09-23 16:53:28 ===---------------------------------------------------------------===
2026-09-23 16:53:28 Performing test ID CUST-0280 (Checking if libpam-tmpdir is installed and enabled.)
2026-09-23 16:53:28  - libpam-tmpdir is not installed.
2026-09-23 16:53:28 Hardening: assigned partial number of hardening points (0 of 2). Currently having 0 points (out of 2)
2026-09-23 16:53:28 Suggestion: Install libpam-tmpdir to set $TMP and $TMPDIR for PAM sessions [test:CUST-0280] [details:-] [solution:-]
2026-09-23 16:53:28 Status: Checking if libpam-usb is installed and enabled...
2026-09-23 16:53:28 ===---------------------------------------------------------------===
2026-09-23 16:53:28 Performing test ID CUST-0285 (Checking if libpam-usb is installed and enabled.)
2026-09-23 16:53:28  - libpam-usb is not installed.
2026-09-23 16:53:28 Hardening: assigned partial number of hardening points (0 of 10). Currently having 0 points (out of 12)
2026-09-23 16:53:28 Suggestion: Install libpam-usb to enable multi-factor authentication for PAM sessions [test:CUST-0285] [details:-] [solution:-]
2026-09-23 16:53:28 Status: Starting file system checks...
2026-09-23 16:53:28 Status: Starting file system checks for dm-crypt, cryptsetup & cryptmount...
2026-09-23 16:53:28 ===---------------------------------------------------------------===
2026-09-23 16:53:28 Skipped test CUST-0510 (Checking if LVM volume groups or file systems are stored on encrypted partitions)
2026-09-23 16:53:28 Reason to skip: Prerequisities not met (ie missing tool, other type of Linux distribution)
2026-09-23 16:53:28 ===---------------------------------------------------------------===
2026-09-23 16:53:28 Skipped test CUST-0520 (Checking for Ecryptfs)
2026-09-23 16:53:28 Reason to skip: Prerequisities not met (ie missing tool, other type of Linux distribution)
2026-09-23 16:53:28 Status: Starting Software checks...
2026-09-23 16:53:28 ===---------------------------------------------------------------===
2026-09-23 16:53:28 Performing test ID CUST-0810 (Checking for apt-listbugs)
2026-09-23 16:53:28  - apt-listbugs is not installed.
2026-09-23 16:53:28 Hardening: assigned partial number of hardening points (0 of 2). Currently having 0 points (out of 14)
2026-09-23 16:53:28 Suggestion: Install apt-listbugs to display a list of critical bugs prior to each APT installation. [test:CUST-0810] [details:-] [solution:-]
2026-09-23 16:53:28 ===---------------------------------------------------------------===
2026-09-23 16:53:28 Performing test ID CUST-0811 (Checking for apt-listchanges)
2026-09-23 16:53:28  - apt-listchanges is not installed.
2026-09-23 16:53:28 Hardening: assigned partial number of hardening points (0 of 2). Currently having 0 points (out of 16)
2026-09-23 16:53:28 Suggestion: Install apt-listchanges to display any significant changes prior to any upgrade via APT. [test:CUST-0811] [details:-] [solution:-]
2026-09-23 16:53:28 ===---------------------------------------------------------------===
2026-09-23 16:53:28 Performing test ID CUST-0830 (Verifying that checkrestart is installed.)
2026-09-23 16:53:28  - checkrestart is not installed.
2026-09-23 16:53:28 Suggestion: Install debian-goodies so that you can run checkrestart after upgrades to determine which services are using old versions of libraries and need restarting. [test:CUST-0830] [details:-] [solution:-]
2026-09-23 16:53:28 Hardening: assigned partial number of hardening points (0 of 1). Currently having 0 points (out of 17)
2026-09-23 16:53:28 ===---------------------------------------------------------------===
2026-09-23 16:53:28 Performing test ID CUST-0831 (Verifying that needrestart is installed.)
2026-09-23 16:53:28  - needrestart is not installed.
2026-09-23 16:53:28 Suggestion: Install needrestart, alternatively to debian-goodies, so that you can run needrestart after upgrades to determine which daemons are using old versions of libraries and need restarting. [test:CUST-0831] [details:-] [solution:-]
2026-09-23 16:53:28 Hardening: assigned partial number of hardening points (0 of 1). Currently having 0 points (out of 18)
2026-09-23 16:53:28 ===---------------------------------------------------------------===
2026-09-23 16:53:28 Performing test ID CUST-0870 (Checking for debsecan)
2026-09-23 16:53:28  - debsecan is not installed.
2026-09-23 16:53:28 Hardening: assigned partial number of hardening points (0 of 2). Currently having 0 points (out of 20)
2026-09-23 16:53:28 Suggestion: Install debsecan to generate lists of vulnerabilities which affect this installation. [test:CUST-0870] [details:-] [solution:-]
2026-09-23 16:53:28 ===---------------------------------------------------------------===
2026-09-23 16:53:28 Performing test ID CUST-0875 (Checking for debsums)
2026-09-23 16:53:28  - debsums is not installed.
2026-09-23 16:53:28 Hardening: assigned partial number of hardening points (0 of 2). Currently having 0 points (out of 22)
2026-09-23 16:53:28 Suggestion: Install debsums for the verification of installed package files against MD5 checksums. [test:CUST-0875] [details:-] [solution:-]
2026-09-23 16:53:28 ===---------------------------------------------------------------===
2026-09-23 16:53:28 Performing test ID DEB-0880 (Checking for fail2ban)
2026-09-23 16:53:28  - fail2ban is not installed.
2026-09-23 16:53:28 Hardening: assigned partial number of hardening points (0 of 2). Currently having 0 points (out of 24)
2026-09-23 16:53:29 Suggestion: Install fail2ban to automatically ban hosts that commit multiple authentication errors. [test:DEB-0880] [details:-] [solution:-]
2026-09-23 16:53:29 ===---------------------------------------------------------------===
2026-09-23 16:53:29 ===---------------------------------------------------------------===
2026-09-23 16:53:29 Result: debian plugin (phase 1) finished
2026-09-23 16:53:29 --
2026-09-23 16:53:29 Result: Found 1 plugins of which 1 are enabled
2026-09-23 16:53:29 Result: Plugins phase 1 finished
2026-09-23 16:53:29 ===---------------------------------------------------------------===
2026-09-23 16:53:29 Info: using hardware address 3e:4a:d6:ed:5b:e8 to create ID
2026-09-23 16:53:29 Result: Found HostID: 7879d0d32f319e7ed7b59f105fed7085e766573e
2026-09-23 16:53:29 Info: creating a HostID (version 2)
2026-09-23 16:53:29 Result: found file ssh_host_ed25519_key.pub in /etc/ssh, using that to create host identifier
2026-09-23 16:53:29 Using SSH public key to create the second host identifier
2026-09-23 16:53:29 Hash (hostname): 1e7116af56352c5d8c66da6016b30d3f396cf863329aef77b1929b83253c8bfc
2026-09-23 16:53:29 Hash (ssh or machineid): d62bf25f8434e653a3a320fbf36be6361d0f6bdcc7cd48fbdd3755e02e79664b
2026-09-23 16:53:29 Info: found valid HostID 7879d0d32f319e7ed7b59f105fed7085e766573e
2026-09-23 16:53:29 Info: no machine ID found
2026-09-23 16:53:29 ===---------------------------------------------------------------===
2026-09-23 16:53:29 Info: perform tests from all categories
2026-09-23 16:53:29 Checking permissions of /usr/share/lynis/include/tests_boot_services
2026-09-23 16:53:29 File permissions are OK
2026-09-23 16:53:29 ===---------------------------------------------------------------===
2026-09-23 16:53:29 Action: Performing tests from category: Boot and services
2026-09-23 16:53:29 ===---------------------------------------------------------------===
2026-09-23 16:53:29 Skipped test BOOT-5102 (Check for AIX boot device)
2026-09-23 16:53:29 Reason to skip: Incorrect guest OS (AIX only)
2026-09-23 16:53:29 ===---------------------------------------------------------------===
2026-09-23 16:53:29 Performing test ID BOOT-5104 (Determine service manager)
2026-09-23 16:53:29 Result: cmdline found = /usr/sbin/init
2026-09-23 16:53:29 Action: checking symlink for file /usr/sbin/init
2026-09-23 16:53:29 Note: Using real readlink binary to determine symlink on /usr/sbin/init
2026-09-23 16:53:29 Result: readlink shows /usr/lib/systemd/systemd as output
2026-09-23 16:53:29 Result: symlink found, pointing to file /usr/lib/systemd/systemd
2026-09-23 16:53:29 Found: systemd
2026-09-23 16:53:29 Result: service manager found = upstart
2026-09-23 16:53:29 ===---------------------------------------------------------------===
2026-09-23 16:53:29 Skipped test BOOT-5106 (Check EFI boot file on Mac OS X/macOS)
2026-09-23 16:53:29 Reason to skip: Incorrect guest OS (macOS only)
2026-09-23 16:53:29 ===---------------------------------------------------------------===
2026-09-23 16:53:29 Performing test ID BOOT-5108 (Check Syslinux as bootloader)
2026-09-23 16:53:29 Test: checking if file /boot/syslinux/syslinux.cfg exists
2026-09-23 16:53:29 Result: file /boot/syslinux/syslinux.cfg NOT found
2026-09-23 16:53:29 ===---------------------------------------------------------------===
2026-09-23 16:53:29 Performing test ID BOOT-5116 (Check if system is booted in UEFI mode)
2026-09-23 16:53:29 Test: checking if UEFI is used
2026-09-23 16:53:29 Result: UEFI not used, can't find /sys/firmware/efi directory
2026-09-23 16:53:29 Test: determine if Secure Boot is used
2026-09-23 16:53:29 Result: system not booted with Secure Boot (no SecureBoot file found)
2026-09-23 16:53:29 ===---------------------------------------------------------------===
2026-09-23 16:53:29 Performing test ID BOOT-5121 (Check for GRUB boot loader presence)
2026-09-23 16:53:29 Test: Checking for presence GRUB conf file (/boot/grub/grub.conf or /boot/grub/menu.lst)
2026-09-23 16:53:29 Result: no GRUB configuration file found.
2026-09-23 16:53:29 ===---------------------------------------------------------------===
2026-09-23 16:53:29 Skipped test BOOT-5122 (Check for GRUB boot password)
2026-09-23 16:53:29 Reason to skip: Prerequisities not met (ie missing tool, other type of Linux distribution)
2026-09-23 16:53:29 ===---------------------------------------------------------------===
2026-09-23 16:53:29 Skipped test BOOT-5124 (Check for FreeBSD boot loader presence)
2026-09-23 16:53:29 Reason to skip: Incorrect guest OS (FreeBSD only)
2026-09-23 16:53:29 ===---------------------------------------------------------------===
2026-09-23 16:53:29 Skipped test BOOT-5261 (Check for DragonFly boot loader presence)
2026-09-23 16:53:29 Reason to skip: Incorrect guest OS (DragonFly only)
2026-09-23 16:53:29 ===---------------------------------------------------------------===
2026-09-23 16:53:29 Skipped test BOOT-5126 (Check for NetBSD boot loader presence)
2026-09-23 16:53:29 Reason to skip: Incorrect guest OS (NetBSD only)
2026-09-23 16:53:29 ===---------------------------------------------------------------===
2026-09-23 16:53:29 Performing test ID BOOT-5139 (Check for LILO boot loader presence)
2026-09-23 16:53:29 Test: checking for presence LILO configuration file
2026-09-23 16:53:29 Result: LILO configuration file not found
2026-09-23 16:53:29 ===---------------------------------------------------------------===
2026-09-23 16:53:29 Performing test ID BOOT-5142 (Check SPARC Improved boot loader (SILO))
2026-09-23 16:53:29 Result: no SILO configuration file found.
2026-09-23 16:53:29 ===---------------------------------------------------------------===
2026-09-23 16:53:29 Performing test ID BOOT-5155 (Check for YABOOT boot loader configuration file)
2026-09-23 16:53:29 Test: Check for /etc/yaboot.conf
2026-09-23 16:53:29 Result: no YABOOT configuration file found.
2026-09-23 16:53:29 ===---------------------------------------------------------------===
2026-09-23 16:53:29 Skipped test BOOT-5159 (Check for OpenBSD boot loader presence)
2026-09-23 16:53:29 Reason to skip: Incorrect guest OS (OpenBSD only)
2026-09-23 16:53:29 ===---------------------------------------------------------------===
2026-09-23 16:53:29 Skipped test BOOT-5165 (Check for FreeBSD boot services)
2026-09-23 16:53:29 Reason to skip: Incorrect guest OS (FreeBSD only)
2026-09-23 16:53:29 ===---------------------------------------------------------------===
2026-09-23 16:53:29 Performing test ID BOOT-5177 (Check for Linux boot and running services)
2026-09-23 16:53:29 Test: checking presence systemctl binary
2026-09-23 16:53:29 Result: systemctl binary found, trying that to discover information
2026-09-23 16:53:29 Searching for running services (systemctl services only)
2026-09-23 16:53:29 Found running service: dbus
2026-09-23 16:53:29 Found running service: nginx
2026-09-23 16:53:29 Found running service: polkit
2026-09-23 16:53:29 Found running service: postfix@-
2026-09-23 16:53:29 Found running service: ssh
2026-09-23 16:53:29 Found running service: systemd-journald
2026-09-23 16:53:29 Found running service: systemd-logind
2026-09-23 16:53:29 Found running service: systemd-resolved
2026-09-23 16:53:29 Found running service: systemd-timesyncd
2026-09-23 16:53:29 Found running service: unattended-upgrades
2026-09-23 16:53:29 Found running service: user@1000
2026-09-23 16:53:29 Note: Run systemctl --full --type=service to see all services
2026-09-23 16:53:29 Result: Found 11 enabled services
2026-09-23 16:53:29 Searching for enabled services (systemctl services only)
2026-09-23 16:53:29 Found enabled service at boot: apparmor
2026-09-23 16:53:29 Found enabled service at boot: auditd
2026-09-23 16:53:29 Found enabled service at boot: dbus-org
2026-09-23 16:53:29 Found enabled service at boot: dbus-org
2026-09-23 16:53:29 Found enabled service at boot: e2scrub_reap
2026-09-23 16:53:29 Found enabled service at boot: nginx
2026-09-23 16:53:29 Found enabled service at boot: ondemand
2026-09-23 16:53:29 Found enabled service at boot: postfix
2026-09-23 16:53:29 Found enabled service at boot: ssh
2026-09-23 16:53:29 Found enabled service at boot: sshd
2026-09-23 16:53:29 Found enabled service at boot: systemd-pstore
2026-09-23 16:53:29 Found enabled service at boot: systemd-resolved
2026-09-23 16:53:29 Found enabled service at boot: systemd-timesyncd
2026-09-23 16:53:29 Found enabled service at boot: unattended-upgrades
2026-09-23 16:53:29 Note: Run systemctl list-unit-files --type=service to see all services
2026-09-23 16:53:29 Result: Found 14 running services
2026-09-23 16:53:29 ===---------------------------------------------------------------===
2026-09-23 16:53:29 Performing test ID BOOT-5180 (Check for Linux boot services (Debian style))
2026-09-23 16:53:29 Result: found runlevel 5
2026-09-23 16:53:29 Result: skipping further actions
2026-09-23 16:53:29 ===---------------------------------------------------------------===
2026-09-23 16:53:29 Performing test ID BOOT-5184 (Check permissions for boot files/scripts)
2026-09-23 16:53:29 Result: checking /etc/init.d scripts for writable bit
2026-09-23 16:53:29 Test: checking if directory /etc/init.d exists
2026-09-23 16:53:29 Result: directory /etc/init.d found
2026-09-23 16:53:29 Test: checking for available files in directory
2026-09-23 16:53:29 Result: found files in directory, checking permissions now
2026-09-23 16:53:29 Test: checking permissions of file /etc/init.d/apparmor
2026-09-23 16:53:29 Result: good, file /etc/init.d/apparmor not world writable
2026-09-23 16:53:29 Test: checking permissions of file /etc/init.d/auditd
2026-09-23 16:53:29 Result: good, file /etc/init.d/auditd not world writable
2026-09-23 16:53:29 Test: checking permissions of file /etc/init.d/dbus
2026-09-23 16:53:29 Result: good, file /etc/init.d/dbus not world writable
2026-09-23 16:53:29 Test: checking permissions of file /etc/init.d/hwclock.sh
2026-09-23 16:53:29 Result: good, file /etc/init.d/hwclock.sh not world writable
2026-09-23 16:53:29 Test: checking permissions of file /etc/init.d/nginx
2026-09-23 16:53:29 Result: good, file /etc/init.d/nginx not world writable
2026-09-23 16:53:29 Test: checking permissions of file /etc/init.d/postfix
2026-09-23 16:53:29 Result: good, file /etc/init.d/postfix not world writable
2026-09-23 16:53:29 Test: checking permissions of file /etc/init.d/procps
2026-09-23 16:53:29 Result: good, file /etc/init.d/procps not world writable
2026-09-23 16:53:29 Test: checking permissions of file /etc/init.d/ssh
2026-09-23 16:53:29 Result: good, file /etc/init.d/ssh not world writable
2026-09-23 16:53:29 Test: checking permissions of file /etc/init.d/unattended-upgrades
2026-09-23 16:53:29 Result: good, file /etc/init.d/unattended-upgrades not world writable
2026-09-23 16:53:29 Test: checking if directory /etc/rc.d exists
2026-09-23 16:53:29 Result: directory /etc/rc.d not found. Skipping..
2026-09-23 16:53:29 Test: checking if directory /etc/rcS.d exists
2026-09-23 16:53:29 Result: directory /etc/rcS.d found
2026-09-23 16:53:29 Test: checking for available files in directory
2026-09-23 16:53:29 Result: found no files in directory.
2026-09-23 16:53:29 Test: Checking /etc/rc0.d scripts for writable bit
2026-09-23 16:53:29 Test: Checking /etc/rc1.d scripts for writable bit
2026-09-23 16:53:29 Test: Checking /etc/rc2.d scripts for writable bit
2026-09-23 16:53:29 Test: Checking /etc/rc3.d scripts for writable bit
2026-09-23 16:53:29 Test: Checking /etc/rc4.d scripts for writable bit
2026-09-23 16:53:29 Test: Checking /etc/rc5.d scripts for writable bit
2026-09-23 16:53:29 Test: Checking /etc/rc6.d scripts for writable bit
2026-09-23 16:53:29 Hardening: assigned maximum number of hardening points for this item (3). Currently having 3 points (out of 27)
2026-09-23 16:53:29 ===---------------------------------------------------------------===
2026-09-23 16:53:29 Performing test ID BOOT-5202 (Check uptime of system)
2026-09-23 16:53:29 Uptime (in seconds): 4878924
2026-09-23 16:53:29 Uptime (in days): 56
2026-09-23 16:53:29 ===---------------------------------------------------------------===
2026-09-23 16:53:29 Performing test ID BOOT-5260 (Check single user mode for systemd)
2026-09-23 16:53:29 Test: Searching /usr/lib/systemd/system/rescue.service
2026-09-23 16:53:29 Result: file /usr/lib/systemd/system/rescue.service
2026-09-23 16:53:29 Test: checking presence sulogin for single user mode
2026-09-23 16:53:29 Result: did not find sulogin in rescue.service
2026-09-23 16:53:29 Hardening: assigned partial number of hardening points (1 of 3). Currently having 4 points (out of 30)
2026-09-23 16:53:29 Suggestion: Protect rescue.service by using sulogin [test:BOOT-5260] [details:-] [solution:-]
2026-09-23 16:53:29 Checking permissions of /usr/share/lynis/include/tests_kernel
2026-09-23 16:53:29 File permissions are OK
2026-09-23 16:53:29 ===---------------------------------------------------------------===
2026-09-23 16:53:29 Action: Performing tests from category: Kernel
2026-09-23 16:53:29 ===---------------------------------------------------------------===
2026-09-23 16:53:29 Performing test ID KRNL-5622 (Determine Linux default run level)
2026-09-23 16:53:29 Test: Checking for systemd default.target
2026-09-23 16:53:29 Result: no systemd found, so trying inittab
2026-09-23 16:53:29 Test: Checking /etc/inittab
2026-09-23 16:53:29 Result: file /etc/inittab not found
2026-09-23 16:53:29 Test: Checking run level with who -r, for Debian based systems
2026-09-23 16:53:29 Result: Found default run level '5'
2026-09-23 16:53:29 ===---------------------------------------------------------------===
2026-09-23 16:53:29 Performing test ID KRNL-5677 (Check CPU options and support)
2026-09-23 16:53:29 Test: Checking /proc/cpuinfo
2026-09-23 16:53:29 Result: found /proc/cpuinfo
2026-09-23 16:53:29 Test: Checking CPU options (XD/NX/PAE)
2026-09-23 16:53:29 PAE: Yes
2026-09-23 16:53:29 NX: Yes
2026-09-23 16:53:29 Result: PAE or No eXecute option(s) both found
2026-09-23 16:53:29 ===---------------------------------------------------------------===
2026-09-23 16:53:29 Performing test ID KRNL-5695 (Determine Linux kernel version and release number)
2026-09-23 16:53:29 Result: found kernel release 6.14.0-37-generic
2026-09-23 16:53:29 Result: found kernel version #37-Ubuntu SMP PREEMPT_DYNAMIC Fri Nov 14 22:10:32 UTC 2025
2026-09-23 16:53:29 ===---------------------------------------------------------------===
2026-09-23 16:53:29 Performing test ID KRNL-5723 (Determining if Linux kernel is monolithic)
2026-09-23 16:53:29 Test skipped, lsmod binary not found or /proc/modules can not be opened
2026-09-23 16:53:29 ===---------------------------------------------------------------===
2026-09-23 16:53:29 Performing test ID KRNL-5726 (Checking Linux loaded kernel modules)
2026-09-23 16:53:29 Test skipped, lsmod binary not found or /proc/modules can not be opened
2026-09-23 16:53:29 ===---------------------------------------------------------------===
2026-09-23 16:53:29 Performing test ID KRNL-5728 (Checking Linux kernel config)
2026-09-23 16:53:29 Result: no Linux kernel configuration file found in /boot
2026-09-23 16:53:29 ===---------------------------------------------------------------===
2026-09-23 16:53:29 Skipped test KRNL-5730 (Checking disk I/O kernel scheduler)
2026-09-23 16:53:29 Reason to skip: Prerequisities not met (ie missing tool, other type of Linux distribution)
2026-09-23 16:53:29 ===---------------------------------------------------------------===
2026-09-23 16:53:29 Skipped test KRNL-5745 (Checking FreeBSD loaded kernel modules)
2026-09-23 16:53:29 Reason to skip: Incorrect guest OS (FreeBSD only)
2026-09-23 16:53:29 ===---------------------------------------------------------------===
2026-09-23 16:53:29 Skipped test KRNL-5831 (Checking DragonFly loaded kernel modules)
2026-09-23 16:53:29 Reason to skip: Incorrect guest OS (DragonFly only)
2026-09-23 16:53:29 ===---------------------------------------------------------------===
2026-09-23 16:53:29 Skipped test KRNL-5770 (Checking active kernel modules)
2026-09-23 16:53:29 Reason to skip: Incorrect guest OS (Solaris only)
2026-09-23 16:53:29 ===---------------------------------------------------------------===
2026-09-23 16:53:29 Performing test ID KRNL-5788 (Checking availability new Linux kernel)
2026-09-23 16:53:29 Test: Searching apt-cache, to determine if a newer kernel is available
2026-09-23 16:53:29 Result: found /usr/bin/apt-cache
2026-09-23 16:53:29 Test: checking readlink location of /vmlinuz
2026-09-23 16:53:29 This system is missing /vmlinuz.  Unable to check whether kernel is up-to-date.
2026-09-23 16:53:29 Suggestion: Determine why /vmlinuz is missing on this Debian/Ubuntu system. [test:KRNL-5788] [details:/vmlinuz] [solution:-]
2026-09-23 16:53:29 Test: Using apt-cache policy to determine if there is an update available
2026-09-23 16:53:32 Kernel installed: 
2026-09-23 16:53:32 Kernel candidate: 
2026-09-23 16:53:32 Result: Exception occurred, no output from apt-cache policy
2026-09-23 16:53:32 Exception: test has an exceptional event (KRNL-5788:01) with text 
2026-09-23 16:53:32 Exception: apt-cache policy did not return an installed kernel version
2026-09-23 16:53:32 Suggestion: Check the output of apt-cache policy manually to determine why output is empty [test:KRNL-5788] [details:-] [solution:-]
2026-09-23 16:53:32 ===---------------------------------------------------------------===
2026-09-23 16:53:32 Performing test ID KRNL-5820 (Checking core dumps configuration)
2026-09-23 16:53:32 Test: Checking presence /etc/security/limits.conf
2026-09-23 16:53:32 Result: file /etc/security/limits.conf exists
2026-09-23 16:53:32 Test: Checking if core dumps are disabled in /etc/security/limits.conf
2026-09-23 16:53:32 Result: core dumps (soft and hard) are both disabled
2026-09-23 16:53:32 Hardening: assigned maximum number of hardening points for this item (3). Currently having 7 points (out of 33)
2026-09-23 16:53:32 Test: Checking sysctl value of fs.suid_dumpable
2026-09-23 16:53:32 Result: value 2 found
2026-09-23 16:53:32 Result: programs can dump core dump, but only readable by root (value 2, for debugging with file protection)
2026-09-23 16:53:32 Hardening: assigned maximum number of hardening points for this item (1). Currently having 8 points (out of 34)
2026-09-23 16:53:32 ===---------------------------------------------------------------===
2026-09-23 16:53:32 Performing test ID KRNL-5830 (Checking if system is running on the latest installed kernel)
2026-09-23 16:53:32 Test: Checking presence /var/run/reboot-required.pkgs
2026-09-23 16:53:32 Result: file /var/run/reboot-required.pkgs not found
2026-09-23 16:53:32 Result: /boot exists, performing more tests from here
2026-09-23 16:53:32 Result: Skipping this test, as there are no files in /boot
2026-09-23 16:53:32 Checking permissions of /usr/share/lynis/include/tests_memory_processes
2026-09-23 16:53:32 File permissions are OK
2026-09-23 16:53:32 ===---------------------------------------------------------------===
2026-09-23 16:53:32 Action: Performing tests from category: Memory and Processes
2026-09-23 16:53:32 ===---------------------------------------------------------------===
2026-09-23 16:53:32 Performing test ID PROC-3602 (Checking /proc/meminfo for memory details)
2026-09-23 16:53:32 Result: found /proc/meminfo
2026-09-23 16:53:32 Result: Found 15335968 kB memory
2026-09-23 16:53:32 ===---------------------------------------------------------------===
2026-09-23 16:53:32 Skipped test PROC-3604 (Query prtconf for memory details)
2026-09-23 16:53:32 Reason to skip: Incorrect guest OS (Solaris only)
2026-09-23 16:53:32 ===---------------------------------------------------------------===
2026-09-23 16:53:32 Performing test ID PROC-3612 (Check dead or zombie processes)
2026-09-23 16:53:32 Result: no zombie processes found
2026-09-23 16:53:32 ===---------------------------------------------------------------===
2026-09-23 16:53:32 Performing test ID PROC-3614 (Check heavy IO waiting based processes)
2026-09-23 16:53:32 Result: No processes were waiting for IO requests to be handled first
2026-09-23 16:53:32 Checking permissions of /usr/share/lynis/include/tests_authentication
2026-09-23 16:53:32 File permissions are OK
2026-09-23 16:53:32 ===---------------------------------------------------------------===
2026-09-23 16:53:32 Action: Performing tests from category: Users, Groups and Authentication
2026-09-23 16:53:32 ===---------------------------------------------------------------===
2026-09-23 16:53:32 Performing test ID AUTH-9204 (Check users with an UID of zero)
2026-09-23 16:53:32 Test: Searching accounts with UID 0
2026-09-23 16:53:32 Result: No accounts found with UID 0 other than root.
2026-09-23 16:53:32 ===---------------------------------------------------------------===
2026-09-23 16:53:32 Performing test ID AUTH-9208 (Check non-unique accounts in passwd file)
2026-09-23 16:53:32 Test: Checking for non-unique accounts
2026-09-23 16:53:32 Result: all accounts found in /etc/passwd are unique
2026-09-23 16:53:32 Remarks: Non unique UIDs can be a risk for the system or part of a configuration mistake
2026-09-23 16:53:32 Prerequisite test: /usr/sbin/chkgrp
2026-09-23 16:53:32 ===---------------------------------------------------------------===
2026-09-23 16:53:32 Skipped test AUTH-9212 (Test group file)
2026-09-23 16:53:32 Reason to skip: Prerequisities not met (ie missing tool, other type of Linux distribution)
2026-09-23 16:53:32 ===---------------------------------------------------------------===
2026-09-23 16:53:32 Performing test ID AUTH-9216 (Check group and shadow group files)
2026-09-23 16:53:32 Test: Checking for grpck binary output
2026-09-23 16:53:32 Result: grpck binary didn't find any errors in the group files
2026-09-23 16:53:32 ===---------------------------------------------------------------===
2026-09-23 16:53:32 Skipped test AUTH-9218 (Check login shells for passwordless accounts)
2026-09-23 16:53:32 Reason to skip: Incorrect guest OS (FreeBSD only)
2026-09-23 16:53:32 ===---------------------------------------------------------------===
2026-09-23 16:53:32 Skipped test AUTH-9489 (Check login shells for passwordless accounts)
2026-09-23 16:53:32 Reason to skip: Incorrect guest OS (DragonFly only)
2026-09-23 16:53:32 ===---------------------------------------------------------------===
2026-09-23 16:53:32 Performing test ID AUTH-9222 (Check unique groups (IDs))
2026-09-23 16:53:32 Test: Checking for non unique group ID's in /etc/group
2026-09-23 16:53:32 Result: All group ID's are unique
2026-09-23 16:53:32 ===---------------------------------------------------------------===
2026-09-23 16:53:32 Performing test ID AUTH-9226 (Check unique group names)
2026-09-23 16:53:32 Test: Checking for non unique group names in /etc/group
2026-09-23 16:53:32 Result: All group names are unique
2026-09-23 16:53:32 ===---------------------------------------------------------------===
2026-09-23 16:53:32 Performing test ID AUTH-9228 (Check password file consistency with pwck)
2026-09-23 16:53:32 Test: Checking password file consistency (pwck)
2026-09-23 16:53:32 Result: pwck check didn't find any problems
2026-09-23 16:53:32 Hardening: assigned maximum number of hardening points for this item (2). Currently having 10 points (out of 36)
2026-09-23 16:53:32 ===---------------------------------------------------------------===
2026-09-23 16:53:32 Performing test ID AUTH-9234 (Query user accounts)
2026-09-23 16:53:32 Test: Read system users (including root user) from password database (e.g. /etc/passwd)
2026-09-23 16:53:32 Result: found minimal user id specified: 1000
2026-09-23 16:53:32 Linux real users output (ID = 0, or 1000+, but not 65534):
2026-09-23 16:53:32 Real user: root,0
2026-09-23 16:53:32 Real user: insecureuser,1000
2026-09-23 16:53:32 ===---------------------------------------------------------------===
2026-09-23 16:53:32 Performing test ID AUTH-9240 (Query NIS+ authentication support)
2026-09-23 16:53:32 Result: NIS+ authentication not enabled
2026-09-23 16:53:32 ===---------------------------------------------------------------===
2026-09-23 16:53:32 Performing test ID AUTH-9242 (Query NIS authentication support)
2026-09-23 16:53:32 Result: NIS authentication not enabled
2026-09-23 16:53:32 ===---------------------------------------------------------------===
2026-09-23 16:53:32 Performing test ID AUTH-9250 (Checking sudoers file)
2026-09-23 16:53:32 Test: checking presence /etc/sudoers
2026-09-23 16:53:32 Result: found file (/etc/sudoers)
2026-09-23 16:53:32 Test: checking presence /usr/local/etc/sudoers
2026-09-23 16:53:32 Result: file /usr/local/etc/sudoers not found
2026-09-23 16:53:32 Test: checking presence /usr/pkg/etc/sudoers
2026-09-23 16:53:32 Result: file /usr/pkg/etc/sudoers not found
2026-09-23 16:53:32 Result: sudoers file found (/etc/sudoers)
2026-09-23 16:53:32 ===---------------------------------------------------------------===
2026-09-23 16:53:32 Performing test ID AUTH-9252 (Check sudoers file)
2026-09-23 16:53:32 Test: checking sudoers file (/etc/sudoers) permissions
2026-09-23 16:53:32 Result: Found file permissions: r--r-----
2026-09-23 16:53:32 Result: file /etc/sudoers has correct permissions
2026-09-23 16:53:32 ===---------------------------------------------------------------===
2026-09-23 16:53:32 Skipped test AUTH-9254 (Solaris passwordless accounts)
2026-09-23 16:53:32 Reason to skip: Incorrect guest OS (Solaris only)
2026-09-23 16:53:32 ===---------------------------------------------------------------===
2026-09-23 16:53:32 Performing test ID AUTH-9262 (Checking presence password strength testing tools (PAM))
2026-09-23 16:53:32 Searching PAM password testing modules (cracklib, passwdqc, pwquality)
2026-09-23 16:53:32 Result: pam_cracklib.so NOT found (crack library PAM)
2026-09-23 16:53:32 Result: pam_passwdqc.so NOT found (passwd quality control PAM)
2026-09-23 16:53:32 Result: pam_pwquality.so NOT found (pwquality control PAM)
2026-09-23 16:53:32 Result: no PAM modules for password strength testing found
2026-09-23 16:53:32 Suggestion: Install a PAM module for password strength testing like pam_cracklib or pam_passwdqc [test:AUTH-9262] [details:-] [solution:-]
2026-09-23 16:53:32 Hardening: assigned partial number of hardening points (0 of 3). Currently having 10 points (out of 39)
2026-09-23 16:53:32 ===---------------------------------------------------------------===
2026-09-23 16:53:32 Performing test ID AUTH-9264 (Checking presence pam.conf)
2026-09-23 16:53:32 Test: Checking file /etc/pam.conf
2026-09-23 16:53:32 Result: file /etc/pam.conf exists
2026-09-23 16:53:32 Test: searching PAM configuration files
2026-09-23 16:53:32 Result: File has no configuration options defined (empty, or only filled with comments and empty lines)
2026-09-23 16:53:32 ===---------------------------------------------------------------===
2026-09-23 16:53:32 Performing test ID AUTH-9266 (Checking presence pam.d files)
2026-09-23 16:53:32 Test: Checking directory /etc/pam.d
2026-09-23 16:53:32 Result: directory /etc/pam.d exists
2026-09-23 16:53:32 Test: searching PAM configuration files
2026-09-23 16:53:32 Found file: /etc/pam.d/chfn
2026-09-23 16:53:32 Found file: /etc/pam.d/chpasswd
2026-09-23 16:53:32 Found file: /etc/pam.d/chsh
2026-09-23 16:53:32 Found file: /etc/pam.d/common-account
2026-09-23 16:53:32 Found file: /etc/pam.d/common-auth
2026-09-23 16:53:32 Found file: /etc/pam.d/common-password
2026-09-23 16:53:32 Found file: /etc/pam.d/common-session
2026-09-23 16:53:32 Found file: /etc/pam.d/common-session-noninteractive
2026-09-23 16:53:32 Found file: /etc/pam.d/login
2026-09-23 16:53:32 Found file: /etc/pam.d/newusers
2026-09-23 16:53:32 Found file: /etc/pam.d/other
2026-09-23 16:53:32 Found file: /etc/pam.d/passwd
2026-09-23 16:53:32 Found file: /etc/pam.d/polkit-1
2026-09-23 16:53:32 Found file: /etc/pam.d/runuser
2026-09-23 16:53:32 Found file: /etc/pam.d/runuser-l
2026-09-23 16:53:32 Found file: /etc/pam.d/sshd
2026-09-23 16:53:32 Found file: /etc/pam.d/su
2026-09-23 16:53:32 Found file: /etc/pam.d/su-l
2026-09-23 16:53:32 Found file: /etc/pam.d/sudo
2026-09-23 16:53:32 Found file: /etc/pam.d/systemd-user
2026-09-23 16:53:32 ===---------------------------------------------------------------===
2026-09-23 16:53:32 Performing test ID AUTH-9268 (Checking presence pam.d files)
2026-09-23 16:53:32 Test: Searching pam modules
2026-09-23 16:53:32 Test: Checking /lib/arm-linux-gnueabihf/security
2026-09-23 16:53:32 Result: directory /lib/arm-linux-gnueabihf/security could not be found or is a symlink to another directory
2026-09-23 16:53:32 Test: Checking /lib/i386-linux-gnu/security
2026-09-23 16:53:32 Result: directory /lib/i386-linux-gnu/security could not be found or is a symlink to another directory
2026-09-23 16:53:32 Test: Checking /lib/security
2026-09-23 16:53:32 Result: directory /lib/security could not be found or is a symlink to another directory
2026-09-23 16:53:32 Test: Checking /lib/x86_64-linux-gnu/security
2026-09-23 16:53:32 Result: directory /lib/x86_64-linux-gnu/security exists
2026-09-23 16:53:32 Found file: /lib/x86_64-linux-gnu/security/pam_access.so
2026-09-23 16:53:32 Found file: /lib/x86_64-linux-gnu/security/pam_debug.so
2026-09-23 16:53:32 Found file: /lib/x86_64-linux-gnu/security/pam_deny.so
2026-09-23 16:53:32 Found file: /lib/x86_64-linux-gnu/security/pam_echo.so
2026-09-23 16:53:32 Found file: /lib/x86_64-linux-gnu/security/pam_env.so
2026-09-23 16:53:32 Found file: /lib/x86_64-linux-gnu/security/pam_exec.so
2026-09-23 16:53:32 Found file: /lib/x86_64-linux-gnu/security/pam_extrausers.so
2026-09-23 16:53:32 Found file: /lib/x86_64-linux-gnu/security/pam_faildelay.so
2026-09-23 16:53:32 Found file: /lib/x86_64-linux-gnu/security/pam_faillock.so
2026-09-23 16:53:32 Found file: /lib/x86_64-linux-gnu/security/pam_filter.so
2026-09-23 16:53:32 Found file: /lib/x86_64-linux-gnu/security/pam_ftp.so
2026-09-23 16:53:32 Found file: /lib/x86_64-linux-gnu/security/pam_group.so
2026-09-23 16:53:32 Found file: /lib/x86_64-linux-gnu/security/pam_issue.so
2026-09-23 16:53:32 Found file: /lib/x86_64-linux-gnu/security/pam_keyinit.so
2026-09-23 16:53:32 Found file: /lib/x86_64-linux-gnu/security/pam_lastlog.so
2026-09-23 16:53:32 Found file: /lib/x86_64-linux-gnu/security/pam_limits.so
2026-09-23 16:53:32 Found file: /lib/x86_64-linux-gnu/security/pam_listfile.so
2026-09-23 16:53:32 Found file: /lib/x86_64-linux-gnu/security/pam_localuser.so
2026-09-23 16:53:32 Found file: /lib/x86_64-linux-gnu/security/pam_loginuid.so
2026-09-23 16:53:32 Found file: /lib/x86_64-linux-gnu/security/pam_mail.so
2026-09-23 16:53:32 Found file: /lib/x86_64-linux-gnu/security/pam_mkhomedir.so
2026-09-23 16:53:32 Found file: /lib/x86_64-linux-gnu/security/pam_motd.so
2026-09-23 16:53:32 Found file: /lib/x86_64-linux-gnu/security/pam_namespace.so
2026-09-23 16:53:32 Found file: /lib/x86_64-linux-gnu/security/pam_nologin.so
2026-09-23 16:53:32 Found file: /lib/x86_64-linux-gnu/security/pam_permit.so
2026-09-23 16:53:32 Found file: /lib/x86_64-linux-gnu/security/pam_pwhistory.so
2026-09-23 16:53:32 Found file: /lib/x86_64-linux-gnu/security/pam_rhosts.so
2026-09-23 16:53:32 Found file: /lib/x86_64-linux-gnu/security/pam_rootok.so
2026-09-23 16:53:32 Found file: /lib/x86_64-linux-gnu/security/pam_securetty.so
2026-09-23 16:53:32 Found file: /lib/x86_64-linux-gnu/security/pam_selinux.so
2026-09-23 16:53:32 Found file: /lib/x86_64-linux-gnu/security/pam_sepermit.so
2026-09-23 16:53:32 Found file: /lib/x86_64-linux-gnu/security/pam_shells.so
2026-09-23 16:53:32 Found file: /lib/x86_64-linux-gnu/security/pam_stress.so
2026-09-23 16:53:32 Found file: /lib/x86_64-linux-gnu/security/pam_succeed_if.so
2026-09-23 16:53:32 Found file: /lib/x86_64-linux-gnu/security/pam_systemd.so
2026-09-23 16:53:32 Found file: /lib/x86_64-linux-gnu/security/pam_tally.so
2026-09-23 16:53:32 Found file: /lib/x86_64-linux-gnu/security/pam_tally2.so
2026-09-23 16:53:32 Found file: /lib/x86_64-linux-gnu/security/pam_time.so
2026-09-23 16:53:32 Found file: /lib/x86_64-linux-gnu/security/pam_timestamp.so
2026-09-23 16:53:32 Found file: /lib/x86_64-linux-gnu/security/pam_tty_audit.so
2026-09-23 16:53:32 Found file: /lib/x86_64-linux-gnu/security/pam_umask.so
2026-09-23 16:53:32 Found file: /lib/x86_64-linux-gnu/security/pam_unix.so
2026-09-23 16:53:32 Found file: /lib/x86_64-linux-gnu/security/pam_userdb.so
2026-09-23 16:53:32 Found file: /lib/x86_64-linux-gnu/security/pam_warn.so
2026-09-23 16:53:32 Found file: /lib/x86_64-linux-gnu/security/pam_wheel.so
2026-09-23 16:53:32 Found file: /lib/x86_64-linux-gnu/security/pam_xauth.so
2026-09-23 16:53:32 Test: Checking /lib64/security
2026-09-23 16:53:32 Result: directory /lib64/security could not be found or is a symlink to another directory
2026-09-23 16:53:32 Test: Checking /usr/lib
2026-09-23 16:53:32 Result: directory /usr/lib exists
2026-09-23 16:53:32 Test: Checking /usr/lib/security
2026-09-23 16:53:32 Result: directory /usr/lib/security could not be found or is a symlink to another directory
2026-09-23 16:53:32 ===---------------------------------------------------------------===
2026-09-23 16:53:32 Performing test ID AUTH-9278 (Checking LDAP pam status)
2026-09-23 16:53:32 Test: checking presence /etc/pam.d/common-auth
2026-09-23 16:53:32 Result: file /etc/pam.d/common-auth exists
2026-09-23 16:53:32 Test: checking presence LDAP module
2026-09-23 16:53:32 Result: LDAP module not found
2026-09-23 16:53:32 ===---------------------------------------------------------------===
2026-09-23 16:53:32 Performing test ID AUTH-9282 (Checking password protected account without expire date)
2026-09-23 16:53:32 Test: Checking Linux version and password expire date status
2026-09-23 16:53:32 Result: all accounts seem to have an expire date
2026-09-23 16:53:32 ===---------------------------------------------------------------===
2026-09-23 16:53:32 Performing test ID AUTH-9283 (Checking accounts without password)
2026-09-23 16:53:32 Test: Checking passwordless accounts
2026-09-23 16:53:32 Result: all accounts seem to have a password
2026-09-23 16:53:32 ===---------------------------------------------------------------===
2026-09-23 16:53:32 Performing test ID AUTH-9286 (Checking user password aging)
2026-09-23 16:53:32 Test: Checking PASS_MIN_DAYS option in /etc/login.defs
2026-09-23 16:53:32 Result: password minimum age is not configured
2026-09-23 16:53:32 Suggestion: Configure minimum password age in /etc/login.defs [test:AUTH-9286] [details:-] [solution:-]
2026-09-23 16:53:32 Hardening: assigned partial number of hardening points (0 of 1). Currently having 10 points (out of 40)
2026-09-23 16:53:32 Test: Checking PASS_MAX_DAYS option in /etc/login.defs 
2026-09-23 16:53:32 Result: password aging limits are not configured
2026-09-23 16:53:32 Suggestion: Configure maximum password age in /etc/login.defs [test:AUTH-9286] [details:-] [solution:-]
2026-09-23 16:53:32 Hardening: assigned partial number of hardening points (0 of 1). Currently having 10 points (out of 41)
2026-09-23 16:53:32 ===---------------------------------------------------------------===
2026-09-23 16:53:32 Performing test ID AUTH-9288 (Checking for expired passwords)
2026-09-23 16:53:32 Test: check if we can access /etc/shadow (escaped: /etc/shadow)
2026-09-23 16:53:32 Result: file is owned by our current user ID (0), checking if it is readable
2026-09-23 16:53:32 Result: file /etc/shadow is readable (or directory accessible).
2026-09-23 16:53:32 Data: Days since epoch is 20719
2026-09-23 16:53:32 Test: collecting accounts which have an expired password (last day changed + maximum change time)
2026-09-23 16:53:32 Result: good, no passwords have been expired
2026-09-23 16:53:32 Hardening: assigned maximum number of hardening points for this item (10). Currently having 20 points (out of 51)
2026-09-23 16:53:32 ===---------------------------------------------------------------===
2026-09-23 16:53:32 Skipped test AUTH-9304 (Check single user login configuration)
2026-09-23 16:53:32 Reason to skip: Incorrect guest OS (Solaris only)
2026-09-23 16:53:32 ===---------------------------------------------------------------===
2026-09-23 16:53:32 Skipped test AUTH-9306 (Check single boot authentication)
2026-09-23 16:53:32 Reason to skip: Incorrect guest OS (HP-UX only)
2026-09-23 16:53:32 ===---------------------------------------------------------------===
2026-09-23 16:53:32 Performing test ID AUTH-9308 (Check single user login configuration)
2026-09-23 16:53:32 Test: going to check several systemd targets now
2026-09-23 16:53:32 Test: checking if target console-shell.service is available (/lib/systemd/system/console-shell.service)
2026-09-23 16:53:32 Result: target console-shell.service not found
2026-09-23 16:53:32 Test: checking if target emergency.service is available (/lib/systemd/system/emergency.service)
2026-09-23 16:53:32 Result: found target emergency.service
2026-09-23 16:53:32 Result: did not find sulogin specified, possible risk of getting into single user mode without authentication
2026-09-23 16:53:32 Test: checking if target rescue.service is available (/lib/systemd/system/rescue.service)
2026-09-23 16:53:32 Result: found target rescue.service
2026-09-23 16:53:32 Result: did not find sulogin specified, possible risk of getting into single user mode without authentication
2026-09-23 16:53:32 Result: option not set, no password needed at single user mode boot
2026-09-23 16:53:32 Warning: No password set for single mode [test:AUTH-9308] [details:-] [solution:-]
2026-09-23 16:53:32 Suggestion: Set password for single user mode to minimize physical access attack surface [test:AUTH-9308] [details:-] [solution:-]
2026-09-23 16:53:32 Hardening: assigned partial number of hardening points (0 of 2). Currently having 20 points (out of 53)
2026-09-23 16:53:32 ===---------------------------------------------------------------===
2026-09-23 16:53:32 Performing test ID AUTH-9328 (Default umask values)
2026-09-23 16:53:32 Test: Checking /etc/profile.d directory
2026-09-23 16:53:32 Result: found /etc/profile.d, with one or more files in it
2026-09-23 16:53:32 Test: Checking /etc/profile
2026-09-23 16:53:32 Result: file /etc/profile exists
2026-09-23 16:53:32 Test: Checking umask value in /etc/profile
2026-09-23 16:53:32 Result: did not find umask in /etc/profile
2026-09-23 16:53:32 Result: found no umask. Please check if this is correct
2026-09-23 16:53:32 Test: Checking umask entries in /etc/passwd (pam_umask)
2026-09-23 16:53:32 Result: file /etc/passwd exists
2026-09-23 16:53:32 Test: Checking umask value in /etc/passwd
2026-09-23 16:53:32 Manual: one or more manual actions are required for further testing of this control/plugin
2026-09-23 16:53:32 Test: Checking /etc/login.defs
2026-09-23 16:53:32 Result: file /etc/login.defs exists
2026-09-23 16:53:32 Test: Checking umask value in /etc/login.defs
2026-09-23 16:53:32 Result: found umask 022, which could be improved
2026-09-23 16:53:32 Suggestion: Default umask in /etc/login.defs could be more strict like 027 [test:AUTH-9328] [details:-] [solution:-]
2026-09-23 16:53:32 Hardening: assigned partial number of hardening points (0 of 2). Currently having 20 points (out of 55)
2026-09-23 16:53:32 Test: Checking /etc/init.d/functions
2026-09-23 16:53:32 Result: file /etc/init.d/functions does not exist
2026-09-23 16:53:32 Test: Checking /etc/init.d/rc
2026-09-23 16:53:32 Result: file /etc/init.d/rc does not exist
2026-09-23 16:53:32 Test: Checking /etc/init.d/rcS
2026-09-23 16:53:32 Result: file /etc/init.d/rcS does not exist
2026-09-23 16:53:32 ===---------------------------------------------------------------===
2026-09-23 16:53:32 Skipped test AUTH-9340 (Solaris account locking)
2026-09-23 16:53:32 Reason to skip: Incorrect guest OS (Solaris only)
2026-09-23 16:53:32 ===---------------------------------------------------------------===
2026-09-23 16:53:32 Performing test ID AUTH-9402 (Query LDAP authentication support)
2026-09-23 16:53:32 Result: LDAP authentication not enabled
2026-09-23 16:53:32 ===---------------------------------------------------------------===
2026-09-23 16:53:32 Skipped test AUTH-9406 (Query LDAP servers in client configuration)
2026-09-23 16:53:32 Reason to skip: Prerequisities not met (ie missing tool, other type of Linux distribution)
2026-09-23 16:53:32 ===---------------------------------------------------------------===
2026-09-23 16:53:32 Performing test ID AUTH-9408 (Logging of failed login attempts via /etc/login.defs)
2026-09-23 16:53:32 Test: Checking FAILLOG_ENAB option in /etc/login.defs 
2026-09-23 16:53:32 Result: failed login attempts are logged in /var/log/faillog
2026-09-23 16:53:32 Hardening: assigned maximum number of hardening points for this item (3). Currently having 23 points (out of 58)
2026-09-23 16:53:32 Checking permissions of /usr/share/lynis/include/tests_shells
2026-09-23 16:53:32 File permissions are OK
2026-09-23 16:53:32 ===---------------------------------------------------------------===
2026-09-23 16:53:32 Action: Performing tests from category: Shells
2026-09-23 16:53:32 ===---------------------------------------------------------------===
2026-09-23 16:53:32 Skipped test SHLL-6202 (Check console TTYs)
2026-09-23 16:53:32 Reason to skip: Incorrect guest OS (FreeBSD only)
2026-09-23 16:53:32 ===---------------------------------------------------------------===
2026-09-23 16:53:32 Performing test ID SHLL-6211 (Checking available and valid shells)
2026-09-23 16:53:32 Test: Searching for /etc/shells
2026-09-23 16:53:32 Result: Found /etc/shells file
2026-09-23 16:53:32 Test: Reading available shells from /etc/shells
2026-09-23 16:53:32 Found installed shell: /bin/sh
2026-09-23 16:53:32 Found installed shell: /bin/bash
2026-09-23 16:53:32 Found installed shell: /usr/bin/bash
2026-09-23 16:53:32 Found installed shell: /bin/rbash
2026-09-23 16:53:32 Found installed shell: /usr/bin/rbash
2026-09-23 16:53:32 Found installed shell: /bin/dash
2026-09-23 16:53:32 Found installed shell: /usr/bin/dash
2026-09-23 16:53:32 ===---------------------------------------------------------------===
2026-09-23 16:53:32 Performing test ID SHLL-6220 (Checking available and valid shells)
2026-09-23 16:53:32 Test: Search for session timeout tools or settings in shell
2026-09-23 16:53:32 IsRunning: process 'timeoutd' not found
2026-09-23 16:53:32 IsRunning: process 'autolog' not found
2026-09-23 16:53:32 Result: could not find TMOUT setting in /etc/profile
2026-09-23 16:53:32 Result: could not find export, readonly or typeset -r in /etc/profile
2026-09-23 16:53:32 Result: could not find TMOUT setting in /etc/profile.d/*.sh
2026-09-23 16:53:32 Result: could not find export, readonly or typeset -r in /etc/profile
2026-09-23 16:53:32 Hardening: assigned partial number of hardening points (1 of 3). Currently having 24 points (out of 61)
2026-09-23 16:53:32 ===---------------------------------------------------------------===
2026-09-23 16:53:32 Performing test ID SHLL-6230 (Perform umask check for shell configurations)
2026-09-23 16:53:32 Result: file /etc/bashrc not found
2026-09-23 16:53:32 Result: file /etc/bash.bashrc exists
2026-09-23 16:53:32 Result: did not find umask configured in /etc/bash.bashrc
2026-09-23 16:53:32 Result: file /etc/csh.cshrc not found
2026-09-23 16:53:32 Result: file /etc/profile exists
2026-09-23 16:53:32 Result: did not find umask configured in /etc/profile
2026-09-23 16:53:32 Checking permissions of /usr/share/lynis/include/tests_filesystems
2026-09-23 16:53:32 File permissions are OK
2026-09-23 16:53:32 ===---------------------------------------------------------------===
2026-09-23 16:53:32 Action: Performing tests from category: File systems
2026-09-23 16:53:32 ===---------------------------------------------------------------===
2026-09-23 16:53:32 Performing test ID FILE-6310 (Checking /tmp, /home and /var directory)
2026-09-23 16:53:32 Test: Checking if /home is mounted separately or mounted on / file system
2026-09-23 16:53:32 Result: directory /home exists
2026-09-23 16:53:32 Result: /home not found in mount list. Directory most likely stored on / file system
2026-09-23 16:53:32 Suggestion: To decrease the impact of a full /home file system, place /home on a separated partition [test:FILE-6310] [details:-] [solution:-]
2026-09-23 16:53:32 Hardening: assigned partial number of hardening points (9 of 10). Currently having 33 points (out of 71)
2026-09-23 16:53:32 Test: Checking if /tmp is mounted separately or mounted on / file system
2026-09-23 16:53:32 Result: directory /tmp exists
2026-09-23 16:53:32 Result: /tmp not found in mount list. Directory most likely stored on / file system
2026-09-23 16:53:32 Suggestion: To decrease the impact of a full /tmp file system, place /tmp on a separated partition [test:FILE-6310] [details:-] [solution:-]
2026-09-23 16:53:32 Hardening: assigned partial number of hardening points (9 of 10). Currently having 42 points (out of 81)
2026-09-23 16:53:32 Test: Checking if /var is mounted separately or mounted on / file system
2026-09-23 16:53:32 Result: directory /var exists
2026-09-23 16:53:32 Result: /var not found in mount list. Directory most likely stored on / file system
2026-09-23 16:53:32 Suggestion: To decrease the impact of a full /var file system, place /var on a separated partition [test:FILE-6310] [details:-] [solution:-]
2026-09-23 16:53:32 Hardening: assigned partial number of hardening points (9 of 10). Currently having 51 points (out of 91)
2026-09-23 16:53:32 ===---------------------------------------------------------------===
2026-09-23 16:53:32 Skipped test FILE-6311 (Checking LVM volume groups)
2026-09-23 16:53:32 Reason to skip: Prerequisities not met (ie missing tool, other type of Linux distribution)
2026-09-23 16:53:32 ===---------------------------------------------------------------===
2026-09-23 16:53:32 Skipped test FILE-6312 (Checking LVM volumes)
2026-09-23 16:53:32 Reason to skip: Prerequisities not met (ie missing tool, other type of Linux distribution)
2026-09-23 16:53:32 ===---------------------------------------------------------------===
2026-09-23 16:53:32 Performing test ID FILE-6323 (Checking EXT file systems)
2026-09-23 16:53:32 Test: Checking for Linux EXT file systems
2026-09-23 16:53:32 Result: found one or more EXT file systems
2026-09-23 16:53:32 File system: /workspace (type: ext4)
2026-09-23 16:53:32 File system: /etc/resolv.conf (type: ext4)
2026-09-23 16:53:32 File system: /etc/hostname (type: ext4)
2026-09-23 16:53:32 File system: /etc/hosts (type: ext4)
2026-09-23 16:53:32 ===---------------------------------------------------------------===
2026-09-23 16:53:32 Performing test ID FILE-6329 (Checking FFS/UFS file systems)
2026-09-23 16:53:32 Test: Query /etc/fstab for available FFS/UFS mount points
2026-09-23 16:53:32 Result: unable to find any single mount point (FFS/UFS)
2026-09-23 16:53:32 ===---------------------------------------------------------------===
2026-09-23 16:53:32 Skipped test FILE-6330 (Checking ZFS file systems)
2026-09-23 16:53:32 Reason to skip: Incorrect guest OS (FreeBSD only)
2026-09-23 16:53:32 ===---------------------------------------------------------------===
2026-09-23 16:53:32 Skipped test FILE-6439 (Checking HAMMER PFS mounts)
2026-09-23 16:53:32 Reason to skip: Incorrect guest OS (DragonFly only)
2026-09-23 16:53:32 ===---------------------------------------------------------------===
2026-09-23 16:53:32 Performing test ID FILE-6332 (Checking swap partitions)
2026-09-23 16:53:32 Test: query swap partitions from /etc/fstab file
2026-09-23 16:53:32 Result: no swap partitions found in /etc/fstab
2026-09-23 16:53:32 ===---------------------------------------------------------------===
2026-09-23 16:53:32 Performing test ID FILE-6336 (Checking swap mount options)
2026-09-23 16:53:32 Test: check swap partitions with incorrect mount options
2026-09-23 16:53:32 Result: all swap partitions have correct options (sw or swap)
2026-09-23 16:53:32 ===---------------------------------------------------------------===
2026-09-23 16:53:32 Performing test ID FILE-6344 (Checking proc mount options)
2026-09-23 16:53:32 Test: check proc mount with incorrect mount options
2026-09-23 16:53:32 Hardening: assigned partial number of hardening points (0 of 3). Currently having 51 points (out of 94)
2026-09-23 16:53:32 Result: /proc filesystem is not mounted with option hidepid=1 or hidepid=2
2026-09-23 16:53:32 ===---------------------------------------------------------------===
2026-09-23 16:53:32 Performing test ID FILE-6354 (Searching for old files in /tmp)
2026-09-23 16:53:32 Test: Searching for old files in /tmp
2026-09-23 16:53:32 Result: no files found in /tmp which are older than 3 months
2026-09-23 16:53:32 ===---------------------------------------------------------------===
2026-09-23 16:53:32 Performing test ID FILE-6362 (Checking /tmp sticky bit)
2026-09-23 16:53:32 Result: sticky bit found on /tmp directory
2026-09-23 16:53:32 Hardening: assigned maximum number of hardening points for this item (3). Currently having 54 points (out of 97)
2026-09-23 16:53:32 ===---------------------------------------------------------------===
2026-09-23 16:53:32 Performing test ID FILE-6363 (Checking /var/tmp sticky bit)
2026-09-23 16:53:32 Result: sticky bit found on /var/tmp directory
2026-09-23 16:53:32 Hardening: assigned maximum number of hardening points for this item (3). Currently having 57 points (out of 100)
2026-09-23 16:53:32 ===---------------------------------------------------------------===
2026-09-23 16:53:32 Performing test ID FILE-6368 (Checking ACL support on root file system)
2026-09-23 16:53:32 Test: Checking acl option on ext[2-4] root file system
2026-09-23 16:53:32 Result: mount point probably mounted with defaults
2026-09-23 16:53:32 Test: Checking device which holds root file system
2026-09-23 16:53:32 Result: No file system found with root file system
2026-09-23 16:53:32 Test: Checking acl option on xfs root file system
2026-09-23 16:53:32 Result: ACL option enabled on root file system
2026-09-23 16:53:32 Hardening: assigned maximum number of hardening points for this item (3). Currently having 60 points (out of 103)
2026-09-23 16:53:32 ===---------------------------------------------------------------===
2026-09-23 16:53:32 Performing test ID FILE-6372 (Checking / mount options)
2026-09-23 16:53:32 Result: no mount point / or expected options found
2026-09-23 16:53:32 ===---------------------------------------------------------------===
2026-09-23 16:53:32 Performing test ID FILE-6374 (Checking /boot mount options)
2026-09-23 16:53:32 Result: file system /boot not found in /etc/fstab
2026-09-23 16:53:32 Result: file system /dev/shm not found in /etc/fstab
2026-09-23 16:53:32 Result: file system /home not found in /etc/fstab
2026-09-23 16:53:32 Result: file system /tmp not found in /etc/fstab
2026-09-23 16:53:32 Result: file system /var not found in /etc/fstab
2026-09-23 16:53:32 Result: file system /var/log not found in /etc/fstab
2026-09-23 16:53:32 Result: file system /var/log/audit not found in /etc/fstab
2026-09-23 16:53:32 Result: file system /var/tmp not found in /etc/fstab
2026-09-23 16:53:32 ===---------------------------------------------------------------===
2026-09-23 16:53:32 Performing test ID FILE-6376 (Determine if /var/tmp is bound to /tmp)
2026-09-23 16:53:32 Result: no mount point /var/tmp or expected options found
2026-09-23 16:53:32 ===---------------------------------------------------------------===
2026-09-23 16:53:32 Skipped test FILE-6410 (Checking Locate database)
2026-09-23 16:53:33 Reason to skip: Prerequisities not met (ie missing tool, other type of Linux distribution)
2026-09-23 16:53:33 ===---------------------------------------------------------------===
2026-09-23 16:53:33 Performing test ID FILE-6430 (Disable mounting of some filesystems)
2026-09-23 16:53:33 Test skipped lsmod binary not found or /proc/modules can not be opened
2026-09-23 16:53:33 Checking permissions of /usr/share/lynis/include/tests_usb
2026-09-23 16:53:33 File permissions are OK
2026-09-23 16:53:33 ===---------------------------------------------------------------===
2026-09-23 16:53:33 Action: Performing tests from category: USB Devices
2026-09-23 16:53:33 ===---------------------------------------------------------------===
2026-09-23 16:53:33 Performing test ID STRG-1840 (Check if USB storage is disabled)
2026-09-23 16:53:33 Test: Checking USB storage driver in directory /etc/modprobe.d and configuration file /etc/modprobe.conf
2026-09-23 16:53:33 Result: usb-storage driver is not explicitly disabled
2026-09-23 16:53:33 Suggestion: Disable drivers like USB storage when not used, to prevent unauthorized storage or data theft [test:STRG-1840] [details:-] [solution:-]
2026-09-23 16:53:33 Hardening: assigned partial number of hardening points (2 of 3). Currently having 62 points (out of 106)
2026-09-23 16:53:33 ===---------------------------------------------------------------===
2026-09-23 16:53:33 Performing test ID STRG-1842 (Check USB authorizations)
2026-09-23 16:53:33 Test: Checking USB devices authorization to connect to the system
2026-09-23 16:53:33 Test: /sys/bus/usb/devices/usb1 is authorized by default
2026-09-23 16:53:33 Result: Some USB devices are authorized by default (or temporary) to connect to the system
2026-09-23 16:53:33 Hardening: assigned partial number of hardening points (0 of 3). Currently having 62 points (out of 109)
2026-09-23 16:53:33 ===---------------------------------------------------------------===
2026-09-23 16:53:33 Performing test ID USB-3000 (Check for presence of USBGuard)
2026-09-23 16:53:33 Result: USBGuard not found
2026-09-23 16:53:33 Hardening: assigned partial number of hardening points (0 of 8). Currently having 62 points (out of 117)
2026-09-23 16:53:33 Checking permissions of /usr/share/lynis/include/tests_storage
2026-09-23 16:53:33 File permissions are OK
2026-09-23 16:53:33 ===---------------------------------------------------------------===
2026-09-23 16:53:33 Action: Performing tests from category: Storage
2026-09-23 16:53:33 ===---------------------------------------------------------------===
2026-09-23 16:53:33 Performing test ID STRG-1846 (Check if firewire storage is disabled)
2026-09-23 16:53:33 Test: Checking firewire storage driver in directory /etc/modprobe.d and configuration file /etc/modprobe.conf
2026-09-23 16:53:33 Result: firewire ohci driver is not explicitly disabled
2026-09-23 16:53:33 Suggestion: Disable drivers like firewire storage when not used, to prevent unauthorized storage or data theft [test:STRG-1846] [details:-] [solution:-]
2026-09-23 16:53:33 Hardening: assigned partial number of hardening points (2 of 3). Currently having 64 points (out of 120)
2026-09-23 16:53:33 Checking permissions of /usr/share/lynis/include/tests_storage_nfs
2026-09-23 16:53:33 File permissions are OK
2026-09-23 16:53:33 ===---------------------------------------------------------------===
2026-09-23 16:53:33 Action: Performing tests from category: NFS
2026-09-23 16:53:33 ===---------------------------------------------------------------===
2026-09-23 16:53:33 Skipped test STRG-1902 (Check rpcinfo registered programs)
2026-09-23 16:53:33 Reason to skip: Prerequisities not met (ie missing tool, other type of Linux distribution)
2026-09-23 16:53:33 ===---------------------------------------------------------------===
2026-09-23 16:53:33 Skipped test STRG-1904 (Check nfs rpc)
2026-09-23 16:53:33 Reason to skip: Prerequisities not met (ie missing tool, other type of Linux distribution)
2026-09-23 16:53:33 ===---------------------------------------------------------------===
2026-09-23 16:53:33 Skipped test STRG-1906 (Check nfs rpc)
2026-09-23 16:53:33 Reason to skip: Prerequisities not met (ie missing tool, other type of Linux distribution)
2026-09-23 16:53:33 ===---------------------------------------------------------------===
2026-09-23 16:53:33 Performing test ID STRG-1920 (Checking NFS daemon)
2026-09-23 16:53:33 Test: Checking running NFS daemon
2026-09-23 16:53:33 Output: NFS daemon is not running
2026-09-23 16:53:33 ===---------------------------------------------------------------===
2026-09-23 16:53:33 Skipped test STRG-1926 (Checking NFS exports)
2026-09-23 16:53:33 Reason to skip: Prerequisities not met (ie missing tool, other type of Linux distribution)
2026-09-23 16:53:33 ===---------------------------------------------------------------===
2026-09-23 16:53:33 Skipped test STRG-1928 (Checking empty /etc/exports)
2026-09-23 16:53:33 Reason to skip: Prerequisities not met (ie missing tool, other type of Linux distribution)
2026-09-23 16:53:33 ===---------------------------------------------------------------===
2026-09-23 16:53:33 Skipped test STRG-1930 (Check client access to nfs share)
2026-09-23 16:53:33 Reason to skip: Prerequisities not met (ie missing tool, other type of Linux distribution)
2026-09-23 16:53:33 Checking permissions of /usr/share/lynis/include/tests_nameservices
2026-09-23 16:53:33 File permissions are OK
2026-09-23 16:53:33 ===---------------------------------------------------------------===
2026-09-23 16:53:33 Action: Performing tests from category: Name services
2026-09-23 16:53:33 ===---------------------------------------------------------------===
2026-09-23 16:53:33 Performing test ID NAME-4016 (Check /etc/resolv.conf default domain)
2026-09-23 16:53:33 Test: check /etc/resolv.conf for default domain
2026-09-23 16:53:33 Result: /etc/resolv.conf found
2026-09-23 16:53:33 Result: no default domain found
2026-09-23 16:53:33 ===---------------------------------------------------------------===
2026-09-23 16:53:33 Performing test ID NAME-4018 (Check /etc/resolv.conf search domains)
2026-09-23 16:53:33 Test: check /etc/resolv.conf for search domains
2026-09-23 16:53:33 Result: /etc/resolv.conf found
2026-09-23 16:53:33 Found search domain: .
2026-09-23 16:53:33 Result: Found 1 search domains
2026-09-23 16:53:33 Result: found 1 line(s) with a search statement (expecting less than 2 lines)
2026-09-23 16:53:33 ===---------------------------------------------------------------===
2026-09-23 16:53:33 Performing test ID NAME-4020 (Check non default options)
2026-09-23 16:53:33 Test: check /etc/resolv.conf for non default options
2026-09-23 16:53:33 Result: /etc/resolv.conf found
2026-09-23 16:53:33 Found option: edns0
2026-09-23 16:53:33 ===---------------------------------------------------------------===
2026-09-23 16:53:33 Skipped test NAME-4024 (Solaris uname -n output)
2026-09-23 16:53:33 Reason to skip: Incorrect guest OS (Solaris only)
2026-09-23 16:53:33 ===---------------------------------------------------------------===
2026-09-23 16:53:33 Skipped test NAME-4026 (Check /etc/nodename)
2026-09-23 16:53:33 Reason to skip: Incorrect guest OS (Solaris only)
2026-09-23 16:53:33 ===---------------------------------------------------------------===
2026-09-23 16:53:33 Performing test ID NAME-4028 (Check domain name)
2026-09-23 16:53:33 Test: Checking if dnsdomainname command is available
2026-09-23 16:53:33 Result: dnsdomainname command returned no value
2026-09-23 16:53:33 Result: using domain name from FQDN hostname (c1246db0b82f)
2026-09-23 16:53:33 Suggestion: Check DNS configuration for the dns domain name [test:NAME-4028] [details:-] [solution:-]
2026-09-23 16:53:33 ===---------------------------------------------------------------===
2026-09-23 16:53:33 Performing test ID NAME-4032 (Check nscd status)
2026-09-23 16:53:33 Test: checking nscd status
2026-09-23 16:53:33 IsRunning: process 'nscd' not found
2026-09-23 16:53:33 Result: nscd is not running
2026-09-23 16:53:33 ===---------------------------------------------------------------===
2026-09-23 16:53:33 Performing test ID NAME-4034 (Check Unbound status)
2026-09-23 16:53:33 Test: checking Unbound (unbound) status
2026-09-23 16:53:33 IsRunning: process 'unbound' not found
2026-09-23 16:53:33 Result: Unbound daemon is not running
2026-09-23 16:53:33 ===---------------------------------------------------------------===
2026-09-23 16:53:33 Skipped test NAME-4036 (Check Unbound configuration file)
2026-09-23 16:53:33 Reason to skip: Prerequisities not met (ie missing tool, other type of Linux distribution)
2026-09-23 16:53:33 ===---------------------------------------------------------------===
2026-09-23 16:53:33 Performing test ID NAME-4202 (Check BIND status)
2026-09-23 16:53:33 Test: Checking for running BIND instance
2026-09-23 16:53:33 IsRunning: process 'named' not found
2026-09-23 16:53:33 Result: BIND not running
2026-09-23 16:53:33 ===---------------------------------------------------------------===
2026-09-23 16:53:33 Skipped test NAME-4204 (Search BIND configuration file)
2026-09-23 16:53:33 Reason to skip: Prerequisities not met (ie missing tool, other type of Linux distribution)
2026-09-23 16:53:33 ===---------------------------------------------------------------===
2026-09-23 16:53:33 Skipped test NAME-4206 (Check BIND configuration consistency)
2026-09-23 16:53:33 Reason to skip: Prerequisities not met (ie missing tool, other type of Linux distribution)
2026-09-23 16:53:33 ===---------------------------------------------------------------===
2026-09-23 16:53:33 Skipped test NAME-4210 (Check DNS banner)
2026-09-23 16:53:33 Reason to skip: Prerequisities not met (ie missing tool, other type of Linux distribution)
2026-09-23 16:53:33 ===---------------------------------------------------------------===
2026-09-23 16:53:33 Performing test ID NAME-4230 (Check PowerDNS status)
2026-09-23 16:53:33 Test: Checking for running PowerDNS instance
2026-09-23 16:53:33 IsRunning: process 'pdns_server' not found
2026-09-23 16:53:33 Result: PowerDNS not running
2026-09-23 16:53:33 ===---------------------------------------------------------------===
2026-09-23 16:53:33 Skipped test NAME-4232 (Search PowerDNS configuration file)
2026-09-23 16:53:33 Reason to skip: Prerequisities not met (ie missing tool, other type of Linux distribution)
2026-09-23 16:53:33 ===---------------------------------------------------------------===
2026-09-23 16:53:33 Skipped test NAME-4236 (Check PowerDNS backends)
2026-09-23 16:53:33 Reason to skip: Prerequisities not met (ie missing tool, other type of Linux distribution)
2026-09-23 16:53:33 ===---------------------------------------------------------------===
2026-09-23 16:53:33 Skipped test NAME-4238 (Check PowerDNS authoritative status)
2026-09-23 16:53:33 Reason to skip: Prerequisities not met (ie missing tool, other type of Linux distribution)
2026-09-23 16:53:33 ===---------------------------------------------------------------===
2026-09-23 16:53:33 Performing test ID NAME-4304 (Check NIS ypbind status)
2026-09-23 16:53:33 Test: Checking status of ypbind daemon
2026-09-23 16:53:33 IsRunning: process 'ypbind' not found
2026-09-23 16:53:33 Result: ypbind is not active
2026-09-23 16:53:33 ===---------------------------------------------------------------===
2026-09-23 16:53:33 Skipped test NAME-4306 (Check NIS domain)
2026-09-23 16:53:33 Reason to skip: Prerequisities not met (ie missing tool, other type of Linux distribution)
2026-09-23 16:53:33 ===---------------------------------------------------------------===
2026-09-23 16:53:33 Performing test ID NAME-4402 (Check duplicate line in /etc/hosts)
2026-09-23 16:53:33 Test: check duplicate line in /etc/hosts
2026-09-23 16:53:33 Result: OK, no duplicate lines found
2026-09-23 16:53:33 ===---------------------------------------------------------------===
2026-09-23 16:53:33 Performing test ID NAME-4404 (Check /etc/hosts contains an entry for this server name)
2026-09-23 16:53:33 Test: Check /etc/hosts contains an entry for this server name
2026-09-23 16:53:33 Result: Found entry for c1246db0b82f in /etc/hosts
2026-09-23 16:53:33 ===---------------------------------------------------------------===
2026-09-23 16:53:33 Performing test ID NAME-4406 (Check server hostname mapping)
2026-09-23 16:53:33 Test: Check server hostname not locally mapped in /etc/hosts
2026-09-23 16:53:33 Result: this server hostname is not mapped to a local address
2026-09-23 16:53:33 ===---------------------------------------------------------------===
2026-09-23 16:53:33 Performing test ID NAME-4408 (Check localhost entry)
2026-09-23 16:53:33 Test: Check server hostname not locally mapped in /etc/hosts
2026-09-23 16:53:33 Result: localhost mapped to ::1
2026-09-23 16:53:33 Checking permissions of /usr/share/lynis/include/tests_ports_packages
2026-09-23 16:53:33 File permissions are OK
2026-09-23 16:53:33 ===---------------------------------------------------------------===
2026-09-23 16:53:33 Action: Performing tests from category: Ports and packages
2026-09-23 16:53:33 ===---------------------------------------------------------------===
2026-09-23 16:53:33 Skipped test PKGS-7301 (Query NetBSD pkg)
2026-09-23 16:53:33 Reason to skip: Prerequisities not met (ie missing tool, other type of Linux distribution)
2026-09-23 16:53:33 ===---------------------------------------------------------------===
2026-09-23 16:53:33 Skipped test PKGS-7302 (Query FreeBSD/NetBSD pkg_info)
2026-09-23 16:53:33 Reason to skip: Prerequisities not met (ie missing tool, other type of Linux distribution)
2026-09-23 16:53:33 ===---------------------------------------------------------------===
2026-09-23 16:53:33 Skipped test PKGS-7303 (Query brew package manager)
2026-09-23 16:53:33 Reason to skip: Prerequisities not met (ie missing tool, other type of Linux distribution)
2026-09-23 16:53:33 Result: brew can NOT be found on this system
2026-09-23 16:53:33 ===---------------------------------------------------------------===
2026-09-23 16:53:33 Skipped test PKGS-7304 (Querying Gentoo packages)
2026-09-23 16:53:33 Reason to skip: Prerequisities not met (ie missing tool, other type of Linux distribution)
2026-09-23 16:53:33 Result: emerge can NOT be found on this system
2026-09-23 16:53:33 ===---------------------------------------------------------------===
2026-09-23 16:53:33 Skipped test PKGS-7306 (Querying Solaris packages)
2026-09-23 16:53:33 Reason to skip: Incorrect guest OS (Solaris only)
2026-09-23 16:53:33 Result: pkginfo can NOT be found on this system
2026-09-23 16:53:33 ===---------------------------------------------------------------===
2026-09-23 16:53:33 Skipped test PKGS-7308 (Checking package list with RPM)
2026-09-23 16:53:33 Reason to skip: Prerequisities not met (ie missing tool, other type of Linux distribution)
2026-09-23 16:53:33 Result: RPM binary NOT found on this system, test skipped
2026-09-23 16:53:33 ===---------------------------------------------------------------===
2026-09-23 16:53:33 Skipped test PKGS-7310 (Checking package list with pacman)
2026-09-23 16:53:33 Reason to skip: Prerequisities not met (ie missing tool, other type of Linux distribution)
2026-09-23 16:53:33 ===---------------------------------------------------------------===
2026-09-23 16:53:33 Skipped test PKGS-7312 (Checking available updates for pacman based system)
2026-09-23 16:53:33 Reason to skip: Prerequisities not met (ie missing tool, other type of Linux distribution)
2026-09-23 16:53:33 Result: pacman binary NOT found on this system, test skipped
2026-09-23 16:53:33 ===---------------------------------------------------------------===
2026-09-23 16:53:33 Skipped test PKGS-7314 (Checking pacman configuration options)
2026-09-23 16:53:33 Reason to skip: Prerequisities not met (ie missing tool, other type of Linux distribution)
2026-09-23 16:53:33 ===---------------------------------------------------------------===
2026-09-23 16:53:33 Skipped test PKGS-7320 (Checking for arch-audit tooling)
2026-09-23 16:53:33 Reason to skip: Test only applies to Arch Linux
2026-09-23 16:53:33 ===---------------------------------------------------------------===
2026-09-23 16:53:33 Skipped test PKGS-7322 (Discover vulnerable packages with arch-audit)
2026-09-23 16:53:33 Reason to skip: arch-audit not found
2026-09-23 16:53:33 ===---------------------------------------------------------------===
2026-09-23 16:53:33 Skipped test PKGS-7328 (Querying Zypper for installed packages)
2026-09-23 16:53:33 Reason to skip: Prerequisities not met (ie missing tool, other type of Linux distribution)
2026-09-23 16:53:33 ===---------------------------------------------------------------===
2026-09-23 16:53:33 Skipped test PKGS-7330 (Querying Zypper for vulnerable packages)
2026-09-23 16:53:33 Reason to skip: Prerequisities not met (ie missing tool, other type of Linux distribution)
2026-09-23 16:53:33 ===---------------------------------------------------------------===
2026-09-23 16:53:33 Skipped test PKGS-7332 (Query macOS ports)
2026-09-23 16:53:33 Reason to skip: Incorrect guest OS (macOS only)
2026-09-23 16:53:33 ===---------------------------------------------------------------===
2026-09-23 16:53:33 Skipped test PKGS-7334 (Query port for port upgrades)
2026-09-23 16:53:33 Reason to skip: Incorrect guest OS (macOS only)
2026-09-23 16:53:33 ===---------------------------------------------------------------===
2026-09-23 16:53:33 Performing test ID PKGS-7345 (Querying dpkg)
2026-09-23 16:53:33 Result: Found dpkg binary
2026-09-23 16:53:33 Test: Querying dpkg -l to get package list
2026-09-23 16:53:33 Output:
2026-09-23 16:53:33 Found package: adduser (version: 3.118ubuntu2)
2026-09-23 16:53:33 Found package: aide (version: 0.16.1-1ubuntu0.1)
2026-09-23 16:53:33 Found package: aide-common (version: 0.16.1-1ubuntu0.1)
2026-09-23 16:53:33 Found package: apparmor (version: 2.13.3-7ubuntu5.4)
2026-09-23 16:53:33 Found package: apparmor-utils (version: 2.13.3-7ubuntu5.4)
2026-09-23 16:53:33 Found package: apt (version: 2.0.10)
2026-09-23 16:53:33 Found package: apt-show-versions (version: 0.22.11)
2026-09-23 16:53:33 Found package: auditd (version: 1:2.8.5-2ubuntu6)
2026-09-23 16:53:33 Found package: base-files (version: 11ubuntu5.8)
2026-09-23 16:53:33 Found package: base-passwd (version: 3.5.47)
2026-09-23 16:53:33 Found package: bash (version: 5.0-6ubuntu1.2)
2026-09-23 16:53:33 Found package: bsd-mailx (version: 8.1.2-0.20180807cvs-1)
2026-09-23 16:53:33 Found package: bsdutils (version: 1:2.34-0.1ubuntu9.6)
2026-09-23 16:53:33 Found package: bzip2 (version: 1.0.8-2)
2026-09-23 16:53:33 Found package: ca-certificates (version: 20240203~20.04.1)
2026-09-23 16:53:33 Found package: coreutils (version: 8.30-3ubuntu2)
2026-09-23 16:53:33 Found package: cpio (version: 2.13+dfsg-2ubuntu0.4)
2026-09-23 16:53:33 Found package: dash (version: 0.5.10.2-6)
2026-09-23 16:53:33 Found package: dbus (version: 1.12.16-2ubuntu2.3)
2026-09-23 16:53:33 Found package: dbus-user-session (version: 1.12.16-2ubuntu2.3)
2026-09-23 16:53:33 Found package: dconf-gsettings-backend:amd64 (version: 0.36.0-1)
2026-09-23 16:53:33 Found package: dconf-service (version: 0.36.0-1)
2026-09-23 16:53:33 Found package: debconf (version: 1.5.73)
2026-09-23 16:53:33 Found package: debianutils (version: 4.9.1)
2026-09-23 16:53:33 Found package: diffutils (version: 1:3.7-3)
2026-09-23 16:53:33 Found package: distro-info-data (version: 0.43ubuntu1.20)
2026-09-23 16:53:33 Found package: dpkg (version: 1.19.7ubuntu3.2)
2026-09-23 16:53:33 Found package: e2fsprogs (version: 1.45.5-2ubuntu1.2)
2026-09-23 16:53:33 Found package: fdisk (version: 2.34-0.1ubuntu9.6)
2026-09-23 16:53:33 Found package: findutils (version: 4.7.0-1ubuntu1)
2026-09-23 16:53:33 Found package: fontconfig-config (version: 2.13.1-2ubuntu3)
2026-09-23 16:53:33 Found package: fonts-dejavu-core (version: 2.37-1)
2026-09-23 16:53:33 Found package: gcc-10-base:amd64 (version: 10.5.0-1ubuntu1~20.04)
2026-09-23 16:53:33 Found package: gir1.2-glib-2.0:amd64 (version: 1.64.1-1~ubuntu20.04.1)
2026-09-23 16:53:33 Found package: gir1.2-packagekitglib-1.0 (version: 1.1.13-2ubuntu1.1)
2026-09-23 16:53:33 Found package: glib-networking-common (version: 2.64.2-1ubuntu0.1)
2026-09-23 16:53:33 Found package: glib-networking-services (version: 2.64.2-1ubuntu0.1)
2026-09-23 16:53:33 Found package: glib-networking:amd64 (version: 2.64.2-1ubuntu0.1)
2026-09-23 16:53:33 Found package: gpg (version: 2.2.19-3ubuntu2.5)
2026-09-23 16:53:33 Found package: gpgconf (version: 2.2.19-3ubuntu2.5)
2026-09-23 16:53:33 Found package: gpgv (version: 2.2.19-3ubuntu2.5)
2026-09-23 16:53:33 Found package: grep (version: 3.4-1)
2026-09-23 16:53:33 Found package: gsettings-desktop-schemas (version: 3.36.0-1ubuntu1)
2026-09-23 16:53:33 Found package: gzip (version: 1.10-0ubuntu4.1)
2026-09-23 16:53:33 Found package: hostname (version: 3.23)
2026-09-23 16:53:33 Found package: init-system-helpers (version: 1.57)
2026-09-23 16:53:33 Found package: iproute2 (version: 5.5.0-1ubuntu1)
2026-09-23 16:53:33 Found package: iptables (version: 1.8.4-3ubuntu2.1)
2026-09-23 16:53:33 Found package: iso-codes (version: 4.4-1)
2026-09-23 16:53:33 Found package: libacl1:amd64 (version: 2.2.53-6)
2026-09-23 16:53:33 Found package: libapparmor1:amd64 (version: 2.13.3-7ubuntu5.4)
2026-09-23 16:53:33 Found package: libappstream4:amd64 (version: 0.12.10-2)
2026-09-23 16:53:33 Found package: libapt-pkg-perl (version: 0.1.36build3)
2026-09-23 16:53:33 Found package: libapt-pkg6.0:amd64 (version: 2.0.10)
2026-09-23 16:53:33 Found package: libargon2-1:amd64 (version: 0~20171227-0.2)
2026-09-23 16:53:33 Found package: libassuan0:amd64 (version: 2.5.3-7ubuntu2)
2026-09-23 16:53:33 Found package: libattr1:amd64 (version: 1:2.4.48-5)
2026-09-23 16:53:33 Found package: libaudit-common (version: 1:2.8.5-2ubuntu6)
2026-09-23 16:53:33 Found package: libaudit1:amd64 (version: 1:2.8.5-2ubuntu6)
2026-09-23 16:53:33 Found package: libauparse0:amd64 (version: 1:2.8.5-2ubuntu6)
2026-09-23 16:53:33 Found package: libblkid1:amd64 (version: 2.34-0.1ubuntu9.6)
2026-09-23 16:53:33 Found package: libbrotli1:amd64 (version: 1.0.7-6ubuntu0.1)
2026-09-23 16:53:33 Found package: libbsd0:amd64 (version: 0.10.0-1)
2026-09-23 16:53:33 Found package: libbz2-1.0:amd64 (version: 1.0.8-2)
2026-09-23 16:53:33 Found package: libc-bin (version: 2.31-0ubuntu9.18)
2026-09-23 16:53:33 Found package: libc6:amd64 (version: 2.31-0ubuntu9.18)
2026-09-23 16:53:33 Found package: libcap-ng0:amd64 (version: 0.7.9-2.1build1)
2026-09-23 16:53:33 Found package: libcap2-bin (version: 1:2.32-1ubuntu0.2)
2026-09-23 16:53:33 Found package: libcap2:amd64 (version: 1:2.32-1ubuntu0.2)
2026-09-23 16:53:33 Found package: libcbor0.6:amd64 (version: 0.6.0-0ubuntu1)
2026-09-23 16:53:33 Found package: libcom-err2:amd64 (version: 1.45.5-2ubuntu1.2)
2026-09-23 16:53:33 Found package: libcrypt1:amd64 (version: 1:4.4.10-10ubuntu4)
2026-09-23 16:53:33 Found package: libcryptsetup12:amd64 (version: 2:2.2.2-3ubuntu2.5)
2026-09-23 16:53:33 Found package: libdb5.3:amd64 (version: 5.3.28+dfsg1-0.6ubuntu2)
2026-09-23 16:53:33 Found package: libdbus-1-3:amd64 (version: 1.12.16-2ubuntu2.3)
2026-09-23 16:53:33 Found package: libdconf1:amd64 (version: 0.36.0-1)
2026-09-23 16:53:33 Found package: libdebconfclient0:amd64 (version: 0.251ubuntu1)
2026-09-23 16:53:33 Found package: libdevmapper1.02.1:amd64 (version: 2:1.02.167-1ubuntu1)
2026-09-23 16:53:33 Found package: libedit2:amd64 (version: 3.1-20191231-1)
2026-09-23 16:53:33 Found package: libelf1:amd64 (version: 0.176-1.1ubuntu0.1)
2026-09-23 16:53:33 Found package: libexpat1:amd64 (version: 2.2.9-1ubuntu0.8)
2026-09-23 16:53:33 Found package: libext2fs2:amd64 (version: 1.45.5-2ubuntu1.2)
2026-09-23 16:53:33 Found package: libfdisk1:amd64 (version: 2.34-0.1ubuntu9.6)
2026-09-23 16:53:33 Found package: libffi7:amd64 (version: 3.3-4)
2026-09-23 16:53:33 Found package: libfido2-1:amd64 (version: 1.3.1-1ubuntu2)
2026-09-23 16:53:33 Found package: libfontconfig1:amd64 (version: 2.13.1-2ubuntu3)
2026-09-23 16:53:33 Found package: libfreetype6:amd64 (version: 2.10.1-2ubuntu0.4)
2026-09-23 16:53:33 Found package: libgcc-s1:amd64 (version: 10.5.0-1ubuntu1~20.04)
2026-09-23 16:53:33 Found package: libgcrypt20:amd64 (version: 1.8.5-5ubuntu1.1)
2026-09-23 16:53:33 Found package: libgd3:amd64 (version: 2.2.5-5.2ubuntu2.4)
2026-09-23 16:53:33 Found package: libgdbm-compat4:amd64 (version: 1.18.1-5)
2026-09-23 16:53:33 Found package: libgdbm6:amd64 (version: 1.18.1-5)
2026-09-23 16:53:33 Found package: libgirepository-1.0-1:amd64 (version: 1.64.1-1~ubuntu20.04.1)
2026-09-23 16:53:33 Found package: libglib2.0-0:amd64 (version: 2.64.6-1~ubuntu20.04.9)
2026-09-23 16:53:33 Found package: libglib2.0-bin (version: 2.64.6-1~ubuntu20.04.9)
2026-09-23 16:53:33 Found package: libglib2.0-data (version: 2.64.6-1~ubuntu20.04.9)
2026-09-23 16:53:33 Found package: libgmp10:amd64 (version: 2:6.2.0+dfsg-4ubuntu0.1)
2026-09-23 16:53:33 Found package: libgnutls30:amd64 (version: 3.6.13-2ubuntu1.12)
2026-09-23 16:53:33 Found package: libgpg-error0:amd64 (version: 1.37-1)
2026-09-23 16:53:33 Found package: libgssapi-krb5-2:amd64 (version: 1.17-6ubuntu4.11)
2026-09-23 16:53:33 Found package: libgstreamer1.0-0:amd64 (version: 1.16.3-0ubuntu1.2)
2026-09-23 16:53:33 Found package: libhogweed5:amd64 (version: 3.5.1+really3.5.1-2ubuntu0.2)
2026-09-23 16:53:33 Found package: libicu66:amd64 (version: 66.1-2ubuntu2.1)
2026-09-23 16:53:33 Found package: libidn2-0:amd64 (version: 2.2.0-2)
2026-09-23 16:53:33 Found package: libip4tc2:amd64 (version: 1.8.4-3ubuntu2.1)
2026-09-23 16:53:33 Found package: libip6tc2:amd64 (version: 1.8.4-3ubuntu2.1)
2026-09-23 16:53:33 Found package: libjbig0:amd64 (version: 2.1-3.1ubuntu0.20.04.1)
2026-09-23 16:53:33 Found package: libjpeg-turbo8:amd64 (version: 2.0.3-0ubuntu1.20.04.3)
2026-09-23 16:53:33 Found package: libjpeg8:amd64 (version: 8c-2ubuntu8)
2026-09-23 16:53:33 Found package: libjson-c4:amd64 (version: 0.13.1+dfsg-7ubuntu0.3)
2026-09-23 16:53:33 Found package: libk5crypto3:amd64 (version: 1.17-6ubuntu4.11)
2026-09-23 16:53:33 Found package: libkeyutils1:amd64 (version: 1.6-6ubuntu1.1)
2026-09-23 16:53:33 Found package: libkmod2:amd64 (version: 27-1ubuntu2.1)
2026-09-23 16:53:33 Found package: libkrb5-3:amd64 (version: 1.17-6ubuntu4.11)
2026-09-23 16:53:33 Found package: libkrb5support0:amd64 (version: 1.17-6ubuntu4.11)
2026-09-23 16:53:33 Found package: liblmdb0:amd64 (version: 0.9.24-1)
2026-09-23 16:53:33 Found package: liblockfile-bin (version: 1.16-1.1)
2026-09-23 16:53:33 Found package: liblockfile1:amd64 (version: 1.16-1.1)
2026-09-23 16:53:33 Found package: liblz4-1:amd64 (version: 1.9.2-2ubuntu0.20.04.1)
2026-09-23 16:53:33 Found package: liblzma5:amd64 (version: 5.2.4-1ubuntu1.1)
2026-09-23 16:53:33 Found package: libmnl0:amd64 (version: 1.0.4-2)
2026-09-23 16:53:33 Found package: libmount1:amd64 (version: 2.34-0.1ubuntu9.6)
2026-09-23 16:53:33 Found package: libmpdec2:amd64 (version: 2.4.2-3)
2026-09-23 16:53:33 Found package: libncurses6:amd64 (version: 6.2-0ubuntu2.1)
2026-09-23 16:53:33 Found package: libncursesw6:amd64 (version: 6.2-0ubuntu2.1)
2026-09-23 16:53:33 Found package: libnetfilter-conntrack3:amd64 (version: 1.0.7-2)
2026-09-23 16:53:33 Found package: libnettle7:amd64 (version: 3.5.1+really3.5.1-2ubuntu0.2)
2026-09-23 16:53:33 Found package: libnfnetlink0:amd64 (version: 1.0.1-3build1)
2026-09-23 16:53:33 Found package: libnftnl11:amd64 (version: 1.1.5-1)
2026-09-23 16:53:33 Found package: libnginx-mod-http-image-filter (version: 1.18.0-0ubuntu1.7)
2026-09-23 16:53:33 Found package: libnginx-mod-http-xslt-filter (version: 1.18.0-0ubuntu1.7)
2026-09-23 16:53:33 Found package: libnginx-mod-mail (version: 1.18.0-0ubuntu1.7)
2026-09-23 16:53:33 Found package: libnginx-mod-stream (version: 1.18.0-0ubuntu1.7)
2026-09-23 16:53:33 Found package: libp11-kit0:amd64 (version: 0.23.20-1ubuntu0.1)
2026-09-23 16:53:33 Found package: libpackagekit-glib2-18:amd64 (version: 1.1.13-2ubuntu1.1)
2026-09-23 16:53:33 Found package: libpam-modules-bin (version: 1.3.1-5ubuntu4.7)
2026-09-23 16:53:33 Found package: libpam-modules:amd64 (version: 1.3.1-5ubuntu4.7)
2026-09-23 16:53:33 Found package: libpam-runtime (version: 1.3.1-5ubuntu4.7)
2026-09-23 16:53:33 Found package: libpam-systemd:amd64 (version: 245.4-4ubuntu3.24)
2026-09-23 16:53:34 Found package: libpam0g:amd64 (version: 1.3.1-5ubuntu4.7)
2026-09-23 16:53:34 Found package: libpcre2-8-0:amd64 (version: 10.34-7ubuntu0.1)
2026-09-23 16:53:34 Found package: libpcre3:amd64 (version: 2:8.39-12ubuntu0.1)
2026-09-23 16:53:34 Found package: libperl5.30:amd64 (version: 5.30.0-9ubuntu0.5)
2026-09-23 16:53:34 Found package: libpng16-16:amd64 (version: 1.6.37-2)
2026-09-23 16:53:34 Found package: libpolkit-agent-1-0:amd64 (version: 0.105-26ubuntu1.3)
2026-09-23 16:53:34 Found package: libpolkit-gobject-1-0:amd64 (version: 0.105-26ubuntu1.3)
2026-09-23 16:53:34 Found package: libprocps8:amd64 (version: 2:3.3.16-1ubuntu2.4)
2026-09-23 16:53:34 Found package: libproxy1v5:amd64 (version: 0.4.15-10ubuntu1.2)
2026-09-23 16:53:34 Found package: libpsl5:amd64 (version: 0.21.0-1ubuntu1)
2026-09-23 16:53:34 Found package: libpython3-stdlib:amd64 (version: 3.8.2-0ubuntu2)
2026-09-23 16:53:34 Found package: libpython3.8-minimal:amd64 (version: 3.8.10-0ubuntu1~20.04.18)
2026-09-23 16:53:34 Found package: libpython3.8-stdlib:amd64 (version: 3.8.10-0ubuntu1~20.04.18)
2026-09-23 16:53:34 Found package: libreadline8:amd64 (version: 8.0-4)
2026-09-23 16:53:34 Found package: libsasl2-2:amd64 (version: 2.1.27+dfsg-2ubuntu0.1)
2026-09-23 16:53:34 Found package: libsasl2-modules-db:amd64 (version: 2.1.27+dfsg-2ubuntu0.1)
2026-09-23 16:53:34 Found package: libseccomp2:amd64 (version: 2.5.1-1ubuntu1~20.04.2)
2026-09-23 16:53:34 Found package: libselinux1:amd64 (version: 3.0-1build2)
2026-09-23 16:53:34 Found package: libsemanage-common (version: 3.0-1build2)
2026-09-23 16:53:34 Found package: libsemanage1:amd64 (version: 3.0-1build2)
2026-09-23 16:53:34 Found package: libsepol1:amd64 (version: 3.0-1ubuntu0.1)
2026-09-23 16:53:34 Found package: libsmartcols1:amd64 (version: 2.34-0.1ubuntu9.6)
2026-09-23 16:53:34 Found package: libsoup2.4-1:amd64 (version: 2.70.0-1ubuntu0.5)
2026-09-23 16:53:34 Found package: libsqlite3-0:amd64 (version: 3.31.1-4ubuntu0.7)
2026-09-23 16:53:34 Found package: libss2:amd64 (version: 1.45.5-2ubuntu1.2)
2026-09-23 16:53:34 Found package: libssl1.1:amd64 (version: 1.1.1f-1ubuntu2.24)
2026-09-23 16:53:34 Found package: libstdc++6:amd64 (version: 10.5.0-1ubuntu1~20.04)
2026-09-23 16:53:34 Found package: libstemmer0d:amd64 (version: 0+svn585-2)
2026-09-23 16:53:34 Found package: libsystemd0:amd64 (version: 245.4-4ubuntu3.24)
2026-09-23 16:53:34 Found package: libtasn1-6:amd64 (version: 4.16.0-2ubuntu0.1)
2026-09-23 16:53:34 Found package: libtiff5:amd64 (version: 4.1.0+git191117-2ubuntu0.20.04.14)
2026-09-23 16:53:34 Found package: libtinfo6:amd64 (version: 6.2-0ubuntu2.1)
2026-09-23 16:53:34 Found package: libudev1:amd64 (version: 245.4-4ubuntu3.24)
2026-09-23 16:53:34 Found package: libunistring2:amd64 (version: 0.9.10-2)
2026-09-23 16:53:34 Found package: libuuid1:amd64 (version: 2.34-0.1ubuntu9.6)
2026-09-23 16:53:34 Found package: libwebp6:amd64 (version: 0.6.1-2ubuntu0.20.04.3)
2026-09-23 16:53:34 Found package: libwrap0:amd64 (version: 7.6.q-30)
2026-09-23 16:53:34 Found package: libx11-6:amd64 (version: 2:1.6.9-2ubuntu1.6)
2026-09-23 16:53:34 Found package: libx11-data (version: 2:1.6.9-2ubuntu1.6)
2026-09-23 16:53:34 Found package: libxau6:amd64 (version: 1:1.0.9-0ubuntu1)
2026-09-23 16:53:34 Found package: libxcb1:amd64 (version: 1.14-2)
2026-09-23 16:53:34 Found package: libxdmcp6:amd64 (version: 1:1.1.3-0ubuntu1)
2026-09-23 16:53:34 Found package: libxml2:amd64 (version: 2.9.10+dfsg-5ubuntu0.20.04.10)
2026-09-23 16:53:34 Found package: libxpm4:amd64 (version: 1:3.5.12-1ubuntu0.20.04.2)
2026-09-23 16:53:34 Found package: libxslt1.1:amd64 (version: 1.1.34-4ubuntu0.20.04.3)
2026-09-23 16:53:34 Found package: libxtables12:amd64 (version: 1.8.4-3ubuntu2.1)
2026-09-23 16:53:34 Found package: libyaml-0-2:amd64 (version: 0.2.2-1)
2026-09-23 16:53:34 Found package: libzstd1:amd64 (version: 1.4.4+dfsg-3ubuntu0.1)
2026-09-23 16:53:34 Found package: login (version: 1:4.8.1-1ubuntu5.20.04.5)
2026-09-23 16:53:34 Found package: logsave (version: 1.45.5-2ubuntu1.2)
2026-09-23 16:53:34 Found package: lsb-base (version: 11.1.0ubuntu2)
2026-09-23 16:53:34 Found package: lsb-release (version: 11.1.0ubuntu2)
2026-09-23 16:53:34 Found package: lynis (version: 2.6.2-1)
2026-09-23 16:53:34 Found package: mawk (version: 1.3.4.20200120-2)
2026-09-23 16:53:34 Found package: mime-support (version: 3.64ubuntu1)
2026-09-23 16:53:34 Found package: mount (version: 2.34-0.1ubuntu9.6)
2026-09-23 16:53:34 Found package: ncurses-base (version: 6.2-0ubuntu2.1)
2026-09-23 16:53:34 Found package: ncurses-bin (version: 6.2-0ubuntu2.1)
2026-09-23 16:53:34 Found package: net-tools (version: 1.60+git20180626.aebd88e-1ubuntu1.3)
2026-09-23 16:53:34 Found package: netbase (version: 6.1)
2026-09-23 16:53:34 Found package: nginx (version: 1.18.0-0ubuntu1.7)
2026-09-23 16:53:34 Found package: nginx-common (version: 1.18.0-0ubuntu1.7)
2026-09-23 16:53:34 Found package: nginx-core (version: 1.18.0-0ubuntu1.7)
2026-09-23 16:53:34 Found package: openssh-client (version: 1:8.2p1-4ubuntu0.13)
2026-09-23 16:53:34 Found package: openssh-server (version: 1:8.2p1-4ubuntu0.13)
2026-09-23 16:53:34 Found package: openssh-sftp-server (version: 1:8.2p1-4ubuntu0.13)
2026-09-23 16:53:34 Found package: openssl (version: 1.1.1f-1ubuntu2.24)
2026-09-23 16:53:34 Found package: packagekit (version: 1.1.13-2ubuntu1.1)
2026-09-23 16:53:34 Found package: passwd (version: 1:4.8.1-1ubuntu5.20.04.5)
2026-09-23 16:53:34 Found package: perl (version: 5.30.0-9ubuntu0.5)
2026-09-23 16:53:34 Found package: perl-base (version: 5.30.0-9ubuntu0.5)
2026-09-23 16:53:34 Found package: perl-modules-5.30 (version: 5.30.0-9ubuntu0.5)
2026-09-23 16:53:34 Found package: policykit-1 (version: 0.105-26ubuntu1.3)
2026-09-23 16:53:34 Found package: postfix (version: 3.4.13-0ubuntu1.4)
2026-09-23 16:53:34 Found package: procps (version: 2:3.3.16-1ubuntu2.4)
2026-09-23 16:53:34 Found package: python-apt-common (version: 2.0.1ubuntu0.20.04.1)
2026-09-23 16:53:34 Found package: python3 (version: 3.8.2-0ubuntu2)
2026-09-23 16:53:34 Found package: python3-apparmor (version: 2.13.3-7ubuntu5.4)
2026-09-23 16:53:34 Found package: python3-apt (version: 2.0.1ubuntu0.20.04.1)
2026-09-23 16:53:34 Found package: python3-certifi (version: 2019.11.28-1)
2026-09-23 16:53:34 Found package: python3-chardet (version: 3.0.4-4build1)
2026-09-23 16:53:34 Found package: python3-dbus (version: 1.2.16-1build1)
2026-09-23 16:53:34 Found package: python3-distro-info (version: 0.23ubuntu1.1)
2026-09-23 16:53:34 Found package: python3-gi (version: 3.36.0-1)
2026-09-23 16:53:34 Found package: python3-idna (version: 2.8-1ubuntu0.1)
2026-09-23 16:53:34 Found package: python3-libapparmor (version: 2.13.3-7ubuntu5.4)
2026-09-23 16:53:34 Found package: python3-minimal (version: 3.8.2-0ubuntu2)
2026-09-23 16:53:34 Found package: python3-pkg-resources (version: 45.2.0-1ubuntu0.3)
2026-09-23 16:53:34 Found package: python3-requests (version: 2.22.0-2ubuntu1.1)
2026-09-23 16:53:34 Found package: python3-requests-unixsocket (version: 0.2.0-2)
2026-09-23 16:53:34 Found package: python3-six (version: 1.14.0-2)
2026-09-23 16:53:34 Found package: python3-software-properties (version: 0.99.9.12)
2026-09-23 16:53:34 Found package: python3-urllib3 (version: 1.25.8-2ubuntu0.4)
2026-09-23 16:53:34 Found package: python3.8 (version: 3.8.10-0ubuntu1~20.04.18)
2026-09-23 16:53:34 Found package: python3.8-minimal (version: 3.8.10-0ubuntu1~20.04.18)
2026-09-23 16:53:34 Found package: readline-common (version: 8.0-4)
2026-09-23 16:53:34 Found package: sed (version: 4.7-1)
2026-09-23 16:53:34 Found package: sensible-utils (version: 0.0.12+nmu1)
2026-09-23 16:53:34 Found package: software-properties-common (version: 0.99.9.12)
2026-09-23 16:53:34 Found package: ssl-cert (version: 1.0.39)
2026-09-23 16:53:34 Found package: sudo (version: 1.8.31-1ubuntu1.5)
2026-09-23 16:53:34 Found package: systemd (version: 245.4-4ubuntu3.24)
2026-09-23 16:53:34 Found package: systemd-sysv (version: 245.4-4ubuntu3.24)
2026-09-23 16:53:34 Found package: systemd-timesyncd (version: 245.4-4ubuntu3.24)
2026-09-23 16:53:34 Found package: sysvinit-utils (version: 2.96-2.1ubuntu1)
2026-09-23 16:53:34 Found package: tar (version: 1.30+dfsg-7ubuntu0.20.04.4)
2026-09-23 16:53:34 Found package: tzdata (version: 2025b-0ubuntu0.20.04.1)
2026-09-23 16:53:34 Found package: ubuntu-keyring (version: 2020.02.11.4)
2026-09-23 16:53:34 Found package: ucf (version: 3.0038+nmu1)
2026-09-23 16:53:34 Found package: unattended-upgrades (version: 2.3ubuntu0.3)
2026-09-23 16:53:34 Found package: util-linux (version: 2.34-0.1ubuntu9.6)
2026-09-23 16:53:34 Found package: xz-utils (version: 5.2.4-1ubuntu1.1)
2026-09-23 16:53:34 Found package: zlib1g:amd64 (version: 1:1.2.11.dfsg-2ubuntu1.5)
2026-09-23 16:53:34 ===---------------------------------------------------------------===
2026-09-23 16:53:34 Performing test ID PKGS-7346 (Search unpurged packages on system)
2026-09-23 16:53:34 Test: Querying dpkg -l to get unpurged packages
2026-09-23 16:53:34 Result: no packages found with left overs
2026-09-23 16:53:34 ===---------------------------------------------------------------===
2026-09-23 16:53:34 Skipped test PKGS-7348 (Check for old distfiles)
2026-09-23 16:53:34 Reason to skip: Incorrect guest OS (FreeBSD only)
2026-09-23 16:53:34 ===---------------------------------------------------------------===
2026-09-23 16:53:34 Skipped test PKGS-7350 (Checking for installed packages with DNF utility)
2026-09-23 16:53:34 Reason to skip: Prerequisities not met (ie missing tool, other type of Linux distribution)
2026-09-23 16:53:34 ===---------------------------------------------------------------===
2026-09-23 16:53:34 Skipped test PKGS-7352 (Checking for security updates with DNF utility)
2026-09-23 16:53:34 Reason to skip: Prerequisities not met (ie missing tool, other type of Linux distribution)
2026-09-23 16:53:34 ===---------------------------------------------------------------===
2026-09-23 16:53:34 Skipped test PKGS-7354 (Checking package database integrity)
2026-09-23 16:53:34 Reason to skip: Prerequisities not met (ie missing tool, other type of Linux distribution)
2026-09-23 16:53:34 ===---------------------------------------------------------------===
2026-09-23 16:53:34 Skipped test PKGS-7366 (Checking for debsecan utility)
2026-09-23 16:53:34 Reason to skip: Prerequisities not met (ie missing tool, other type of Linux distribution)
2026-09-23 16:53:34 ===---------------------------------------------------------------===
2026-09-23 16:53:34 Performing test ID PKGS-7370 (Checking for debsums utility)
2026-09-23 16:53:34 Result: debsums utility is not installed.
2026-09-23 16:53:34 Hardening: assigned partial number of hardening points (0 of 2). Currently having 64 points (out of 122)
2026-09-23 16:53:34 Suggestion: Install debsums utility for the verification of packages with known good database. [test:PKGS-7370] [details:-] [solution:-]
2026-09-23 16:53:34 ===---------------------------------------------------------------===
2026-09-23 16:53:34 Skipped test PKGS-7378 (Query portmaster for port upgrades)
2026-09-23 16:53:34 Reason to skip: Prerequisities not met (ie missing tool, other type of Linux distribution)
2026-09-23 16:53:34 ===---------------------------------------------------------------===
2026-09-23 16:53:34 Skipped test PKGS-7380 (Check for vulnerable NetBSD packages)
2026-09-23 16:53:34 Reason to skip: Incorrect guest OS (NetBSD only)
2026-09-23 16:53:34 ===---------------------------------------------------------------===
2026-09-23 16:53:34 Skipped test PKGS-7381 (Check for vulnerable FreeBSD packages with pkg)
2026-09-23 16:53:34 Reason to skip: pkg tool not available
2026-09-23 16:53:34 ===---------------------------------------------------------------===
2026-09-23 16:53:34 Skipped test PKGS-7382 (Check for vulnerable FreeBSD packages with portaudit)
2026-09-23 16:53:34 Reason to skip: Prerequisities not met (ie missing tool, other type of Linux distribution)
2026-09-23 16:53:34 ===---------------------------------------------------------------===
2026-09-23 16:53:34 Skipped test PKGS-7383 (Check for YUM package update management)
2026-09-23 16:53:34 Reason to skip: Prerequisities not met (ie missing tool, other type of Linux distribution)
2026-09-23 16:53:34 ===---------------------------------------------------------------===
2026-09-23 16:53:34 Skipped test PKGS-7384 (Check for YUM utils package)
2026-09-23 16:53:34 Reason to skip: Prerequisities not met (ie missing tool, other type of Linux distribution)
2026-09-23 16:53:34 ===---------------------------------------------------------------===
2026-09-23 16:53:34 Skipped test PKGS-7386 (Check for YUM security package)
2026-09-23 16:53:34 Reason to skip: Prerequisities not met (ie missing tool, other type of Linux distribution)
2026-09-23 16:53:34 ===---------------------------------------------------------------===
2026-09-23 16:53:34 Skipped test PKGS-7387 (Check for GPG signing in YUM security package)
2026-09-23 16:53:34 Reason to skip: Prerequisities not met (ie missing tool, other type of Linux distribution)
2026-09-23 16:53:34 ===---------------------------------------------------------------===
2026-09-23 16:53:34 Performing test ID PKGS-7388 (Check security repository in Debian/ubuntu apt sources.list file)
2026-09-23 16:53:34 Searching for security.debian.org/security.ubuntu.com or security repositories in /etc/apt/sources.list file
2026-09-23 16:53:34 Result: Found security repository in /etc/apt/sources.list
2026-09-23 16:53:34 Output: deb http://security.ubuntu.com/ubuntu/ focal-security main restricted
2026-09-23 16:53:34 Output: deb http://security.ubuntu.com/ubuntu/ focal-security universe
2026-09-23 16:53:34 Output: deb http://security.ubuntu.com/ubuntu/ focal-security multiverse
2026-09-23 16:53:34 Searching for security.debian.org/security.ubuntu.com or security repositories in /etc/apt/sources.list.d directory
2026-09-23 16:53:34 Result: security repository was found
2026-09-23 16:53:34 Hardening: assigned maximum number of hardening points for this item (3). Currently having 67 points (out of 125)
2026-09-23 16:53:34 ===---------------------------------------------------------------===
2026-09-23 16:53:34 Performing test ID PKGS-7390 (Check Ubuntu database consistency)
2026-09-23 16:53:34 Test: Package database consistency by running apt-get check
2026-09-23 16:53:35 Result: package database seems to be consistent.
2026-09-23 16:53:35 ===---------------------------------------------------------------===
2026-09-23 16:53:35 Performing test ID PKGS-7392 (Check for Debian/Ubuntu security updates)
2026-09-23 16:53:35 Action: updating package repository with apt-get
2026-09-23 16:53:42 Result: apt-get finished
2026-09-23 16:53:42 Test: Checking if /usr/lib/update-notifier/apt-check exists
2026-09-23 16:53:42 Result: apt-check (update-notifier-common) not found
2026-09-23 16:53:44 Result: test not fully executed (missing apt-check output)
2026-09-23 16:53:44 ===---------------------------------------------------------------===
2026-09-23 16:53:44 Skipped test PKGS-7393 (Check for Gentoo vulnerable packages)
2026-09-23 16:53:44 Reason to skip: Prerequisities not met (ie missing tool, other type of Linux distribution)
2026-09-23 16:53:44 ===---------------------------------------------------------------===
2026-09-23 16:53:44 Performing test ID PKGS-7394 (Check for Ubuntu updates)
2026-09-23 16:53:44 Test: checking /usr/bin/apt-show-versions
2026-09-23 16:53:44 Result: found /usr/bin/apt-show-versions
2026-09-23 16:53:44 Test: Checking packages which can be upgraded via apt-show-versions
2026-09-23 16:53:46 Result: found one or more packages which can be upgraded
2026-09-23 16:53:46 apt:amd64/focal-updates 2.0.10 upgradeable to 2.0.11
2026-09-23 16:53:46 libapt-pkg6.0:amd64/focal-updates 2.0.10 upgradeable to 2.0.11
2026-09-23 16:53:46 ===---------------------------------------------------------------===
2026-09-23 16:53:46 Performing test ID PKGS-7398 (Check for package audit tool)
2026-09-23 16:53:46 Test: checking for package audit tool
2026-09-23 16:53:46 Result: found package audit tool: apt-get
2026-09-23 16:53:46 ===---------------------------------------------------------------===
2026-09-23 16:53:46 Performing test ID PKGS-7410 (Count installed kernel packages)
2026-09-23 16:53:46 Checking permissions of /usr/share/lynis/include/tests_networking
2026-09-23 16:53:46 File permissions are OK
2026-09-23 16:53:46 ===---------------------------------------------------------------===
2026-09-23 16:53:46 Action: Performing tests from category: Networking
2026-09-23 16:53:46 ===---------------------------------------------------------------===
2026-09-23 16:53:46 Performing test ID NETW-2600 (Checking IPv6 configuration)
2026-09-23 16:53:47 Result: IPV6 mode is auto
2026-09-23 16:53:47 Result: IPv6 only configuration: NO
2026-09-23 16:53:47 ===---------------------------------------------------------------===
2026-09-23 16:53:47 Performing test ID NETW-2704 (Basic nameserver configuration tests)
2026-09-23 16:53:47 Test: Checking /etc/resolv.conf file
2026-09-23 16:53:47 Result: Found /etc/resolv.conf file
2026-09-23 16:53:47 Test: Querying nameservers
2026-09-23 16:53:47 Found nameserver: 127.0.0.11
2026-09-23 16:53:47 Result: Nameserver test for 127.0.0.11 skipped, 'dig' not installed
2026-09-23 16:53:47 ===---------------------------------------------------------------===
2026-09-23 16:53:47 Performing test ID NETW-2705 (Check availability two nameservers)
2026-09-23 16:53:47 Result: dig not installed, test can't be fully performed
2026-09-23 16:53:47 ===---------------------------------------------------------------===
2026-09-23 16:53:47 Performing test ID NETW-3001 (Find default gateway (route))
2026-09-23 16:53:47 Test: Searching default gateway(s)
2026-09-23 16:53:47 Result: Found default gateway 192.117.30.1
2026-09-23 16:53:47 ===---------------------------------------------------------------===
2026-09-23 16:53:47 Performing test ID NETW-3004 (Search for available network interfaces)
2026-09-23 16:53:47 Found network interface: lo
2026-09-23 16:53:47 Found network interface: eth0@if4
2026-09-23 16:53:47 ===---------------------------------------------------------------===
2026-09-23 16:53:47 Performing test ID NETW-3006 (Get network MAC addresses)
2026-09-23 16:53:47 Found MAC address: 3e:4a:d6:ed:5b:e8
2026-09-23 16:53:47 ===---------------------------------------------------------------===
2026-09-23 16:53:47 Performing test ID NETW-3008 (Get network IP addresses)
2026-09-23 16:53:47 Found IPv4 address: 192.117.30.20
2026-09-23 16:53:47 Found IPv4 address: 127.0.0.1
2026-09-23 16:53:47 Found IPv6 address: ::1
2026-09-23 16:53:47 ===---------------------------------------------------------------===
2026-09-23 16:53:47 Performing test ID NETW-3012 (Check listening ports)
2026-09-23 16:53:47 Test: Retrieving sockstat information to find listening ports
2026-09-23 16:53:47 Found listening info: 127.0.0.11:45939|udp|-|
2026-09-23 16:53:47 Found listening info: 127.0.0.53:53|udp|systemd-resolved|
2026-09-23 16:53:47 Found listening info: 127.0.0.11:40955|tcp|-|
2026-09-23 16:53:47 Found listening info: 0.0.0.0:8080|tcp|nginx:|
2026-09-23 16:53:47 Found listening info: 0.0.0.0:25|tcp|master|
2026-09-23 16:53:47 Found listening info: 0.0.0.0:22|tcp|sshd:|
2026-09-23 16:53:47 Found listening info: 0.0.0.0:80|tcp|nginx:|
2026-09-23 16:53:47 Found listening info: 127.0.0.53:53|tcp|systemd-resolved|
2026-09-23 16:53:47 Found listening info: :::25|tcp6|master|
2026-09-23 16:53:47 Found listening info: :::22|tcp6|sshd:|
2026-09-23 16:53:47 ===---------------------------------------------------------------===
2026-09-23 16:53:47 Skipped test NETW-3014 (Checking promiscuous interfaces (BSD))
2026-09-23 16:53:47 Reason to skip: Prerequisities not met (ie missing tool, other type of Linux distribution)
2026-09-23 16:53:47 ===---------------------------------------------------------------===
2026-09-23 16:53:47 Performing test ID NETW-3015 (Checking promiscuous interfaces (Linux))
2026-09-23 16:53:47 Test: Checking promiscuous interfaces (Linux)
2026-09-23 16:53:47 Result: No promiscuous interfaces found
2026-09-23 16:53:47 ===---------------------------------------------------------------===
2026-09-23 16:53:47 Performing test ID NETW-3028 (Checking connections in WAIT state)
2026-09-23 16:53:47 Test: Using netstat for check for connections in WAIT state
2026-09-23 16:53:47 Result: currently 2 connections are in a waiting state (max configured: 5000).
2026-09-23 16:53:47 Result: 2 connections are in WAIT state
2026-09-23 16:53:47 ===---------------------------------------------------------------===
2026-09-23 16:53:47 Performing test ID NETW-3030 (Checking DHCP client status)
2026-09-23 16:53:47 IsRunning: process 'dhclient' not found
2026-09-23 16:53:47 IsRunning: process 'dhcpcd' not found
2026-09-23 16:53:47 IsRunning: process 'udhcpc' not found
2026-09-23 16:53:47 ===---------------------------------------------------------------===
2026-09-23 16:53:47 Performing test ID NETW-3032 (Checking for ARP monitoring software)
2026-09-23 16:53:47 IsRunning: process 'arpwatch' not found
2026-09-23 16:53:47 IsRunning: process 'arpon' not found
2026-09-23 16:53:47 Suggestion: Consider running ARP monitoring software (arpwatch,arpon) [test:NETW-3032] [details:-] [solution:-]
2026-09-23 16:53:47 Checking permissions of /usr/share/lynis/include/tests_printers_spools
2026-09-23 16:53:47 File permissions are OK
2026-09-23 16:53:47 ===---------------------------------------------------------------===
2026-09-23 16:53:47 Action: Performing tests from category: Printers and Spools
2026-09-23 16:53:47 ===---------------------------------------------------------------===
2026-09-23 16:53:47 Skipped test PRNT-2302 (Check for printcap consistency)
2026-09-23 16:53:47 Reason to skip: Incorrect guest OS (FreeBSD only)
2026-09-23 16:53:47 ===---------------------------------------------------------------===
2026-09-23 16:53:47 Performing test ID PRNT-2304 (Check cupsd status)
2026-09-23 16:53:47 Test: Checking cupsd status
2026-09-23 16:53:47 IsRunning: process 'cupsd' not found
2026-09-23 16:53:47 Result: cups daemon not running, cups daemon tests skipped
2026-09-23 16:53:47 ===---------------------------------------------------------------===
2026-09-23 16:53:47 Skipped test PRNT-2306 (Check CUPSd configuration file)
2026-09-23 16:53:47 Reason to skip: Prerequisities not met (ie missing tool, other type of Linux distribution)
2026-09-23 16:53:47 ===---------------------------------------------------------------===
2026-09-23 16:53:47 Skipped test PRNT-2307 (Check CUPSd configuration file permissions)
2026-09-23 16:53:47 Reason to skip: Prerequisities not met (ie missing tool, other type of Linux distribution)
2026-09-23 16:53:47 ===---------------------------------------------------------------===
2026-09-23 16:53:47 Skipped test PRNT-2308 (Check CUPSd network configuration)
2026-09-23 16:53:47 Reason to skip: Prerequisities not met (ie missing tool, other type of Linux distribution)
2026-09-23 16:53:47 ===---------------------------------------------------------------===
2026-09-23 16:53:47 Performing test ID PRNT-2314 (Check lpd status)
2026-09-23 16:53:47 Test: Checking lpd status
2026-09-23 16:53:47 IsRunning: process 'lpd' not found
2026-09-23 16:53:47 Result: lp daemon not running
2026-09-23 16:53:47 Hardening: assigned maximum number of hardening points for this item (4). Currently having 71 points (out of 129)
2026-09-23 16:53:47 ===---------------------------------------------------------------===
2026-09-23 16:53:47 Skipped test PRNT-2316 (Checking /etc/qconfig file)
2026-09-23 16:53:47 Reason to skip: Incorrect guest OS (AIX only)
2026-09-23 16:53:47 ===---------------------------------------------------------------===
2026-09-23 16:53:47 Skipped test PRNT-2418 (Checking qdaemon printer spooler status)
2026-09-23 16:53:47 Reason to skip: Incorrect guest OS (AIX only)
2026-09-23 16:53:47 ===---------------------------------------------------------------===
2026-09-23 16:53:47 Skipped test PRNT-2420 (Checking old print jobs)
2026-09-23 16:53:47 Reason to skip: Incorrect guest OS (AIX only)
2026-09-23 16:53:47 Checking permissions of /usr/share/lynis/include/tests_mail_messaging
2026-09-23 16:53:48 File permissions are OK
2026-09-23 16:53:48 ===---------------------------------------------------------------===
2026-09-23 16:53:48 Action: Performing tests from category: Software: e-mail and messaging
2026-09-23 16:53:48 ===---------------------------------------------------------------===
2026-09-23 16:53:48 Performing test ID MAIL-8802 (Check Exim status)
2026-09-23 16:53:48 Test: check Exim status
2026-09-23 16:53:48 IsRunning: process 'exim4' not found
2026-09-23 16:53:48 IsRunning: process 'exim' not found
2026-09-23 16:53:48 Result: no running Exim processes found
2026-09-23 16:53:48 ===---------------------------------------------------------------===
2026-09-23 16:53:48 Performing test ID MAIL-8814 (Check postfix process status)
2026-09-23 16:53:48 Test: check Postfix status
2026-09-23 16:53:48 Result: found running Postfix process
2026-09-23 16:53:48 ===---------------------------------------------------------------===
2026-09-23 16:53:48 Performing test ID MAIL-8816 (Check Postfix configuration)
2026-09-23 16:53:48 Postfix configuration directory: /etc/postfix
2026-09-23 16:53:48 Postfix configuration file: /etc/postfix/main.cf
2026-09-23 16:53:48 ===---------------------------------------------------------------===
2026-09-23 16:53:48 Performing test ID MAIL-8817 (Check Postfix configuration errors)
2026-09-23 16:53:48 Test: using postconf to see if Postfix configuration has errors
2026-09-23 16:53:48 Result: all looks to be fine with Postfix configuration
2026-09-23 16:53:48 ===---------------------------------------------------------------===
2026-09-23 16:53:48 Performing test ID MAIL-8818 (Check Postfix configuration: banner)
2026-09-23 16:53:48 Test: Checking Postfix banner
2026-09-23 16:53:48 Result: found OS, or mail_name in SMTP banner, and/or mail_name contains 'Postfix'.
2026-09-23 16:53:48 Warning: Found some information disclosure in SMTP banner (OS or software name) [test:MAIL-8818] [details:-] [solution:-]
2026-09-23 16:53:48 Suggestion: You are advised to hide the mail_name (option: smtpd_banner) from your postfix configuration. Use postconf -e or change your main.cf file (/etc/postfix/main.cf) [test:MAIL-8818] [details:-] [solution:-]
2026-09-23 16:53:48 ===---------------------------------------------------------------===
2026-09-23 16:53:48 Performing test ID MAIL-8820 (Postfix configuration scan)
2026-09-23 16:53:48 Suggestion: Disable the 'VRFY' command [test:MAIL-8820:disable_vrfy_command] [details:disable_vrfy_command=no] [solution:text:run postconf -e disable_vrfy_command=yes to change the value]
2026-09-23 16:53:48 ===---------------------------------------------------------------===
2026-09-23 16:53:48 Performing test ID MAIL-8838 (Check dovecot process)
2026-09-23 16:53:48 Test: check dovecot status
2026-09-23 16:53:48 IsRunning: process 'dovecot' not found
2026-09-23 16:53:48 Result: dovecot not found
2026-09-23 16:53:48 ===---------------------------------------------------------------===
2026-09-23 16:53:48 Performing test ID MAIL-8860 (Check Qmail status)
2026-09-23 16:53:48 Test: check Qmail status
2026-09-23 16:53:48 IsRunning: process 'qmail-smtpd' not found
2026-09-23 16:53:48 Result: no running Qmail processes found
2026-09-23 16:53:48 ===---------------------------------------------------------------===
2026-09-23 16:53:48 Performing test ID MAIL-8880 (Check Sendmail status)
2026-09-23 16:53:48 Test: check sendmail status
2026-09-23 16:53:48 IsRunning: process 'sendmail' not found
2026-09-23 16:53:48 Result: no running Sendmail processes found
2026-09-23 16:53:48 ===---------------------------------------------------------------===
2026-09-23 16:53:48 Skipped test MAIL-8920 (Check OpenSMTPD status)
2026-09-23 16:53:48 Reason to skip: Prerequisities not met (ie missing tool, other type of Linux distribution)
2026-09-23 16:53:48 Checking permissions of /usr/share/lynis/include/tests_firewalls
2026-09-23 16:53:48 File permissions are OK
2026-09-23 16:53:48 ===---------------------------------------------------------------===
2026-09-23 16:53:48 Action: Performing tests from category: Software: firewalls
2026-09-23 16:53:48 ===---------------------------------------------------------------===
2026-09-23 16:53:48 Performing test ID FIRE-4502 (Check iptables kernel module)
2026-09-23 16:53:48 ===---------------------------------------------------------------===
2026-09-23 16:53:48 Performing test ID FIRE-4508 (Check used policies of iptables chains)
2026-09-23 16:53:48 Test: gathering information from table filter
2026-09-23 16:53:48 Result: iptables    --  policy is .
2026-09-23 16:53:48 Result: 
2026-09-23 16:53:48 Result: iptables  filter  -- INPUTACCEPTFORWARDACCEPTOUTPUTACCEPT policy is .
2026-09-23 16:53:48 Result: 
2026-09-23 16:53:48 ===---------------------------------------------------------------===
2026-09-23 16:53:48 Performing test ID FIRE-4512 (Check iptables for empty ruleset)
2026-09-23 16:53:48 Result: iptables ruleset seems to be empty (found 0 rules)
2026-09-23 16:53:48 Warning: iptables module(s) loaded, but no rules active [test:FIRE-4512] [details:-] [solution:-]
2026-09-23 16:53:48 ===---------------------------------------------------------------===
2026-09-23 16:53:48 Performing test ID FIRE-4513 (Check iptables for unused rules)
2026-09-23 16:53:48 Result: There are no unused rules present
2026-09-23 16:53:48 ===---------------------------------------------------------------===
2026-09-23 16:53:48 Skipped test FIRE-4518 (Check pf firewall components)
2026-09-23 16:53:48 Reason to skip: No /dev/pf device
2026-09-23 16:53:48 ===---------------------------------------------------------------===
2026-09-23 16:53:48 Skipped test FIRE-4520 (Check pf configuration consistency)
2026-09-23 16:53:48 Reason to skip: Prerequisities not met (ie missing tool, other type of Linux distribution)
2026-09-23 16:53:48 ===---------------------------------------------------------------===
2026-09-23 16:53:48 Performing test ID FIRE-4524 (Check for CSF presence)
2026-09-23 16:53:48 Test: check /etc/csf/csf.conf
2026-09-23 16:53:48 Result: /etc/csf/csf.conf does NOT exist
2026-09-23 16:53:48 ===---------------------------------------------------------------===
2026-09-23 16:53:48 Skipped test FIRE-4526 (Check ipf status)
2026-09-23 16:53:48 Reason to skip: Incorrect guest OS (Solaris only)
2026-09-23 16:53:48 ===---------------------------------------------------------------===
2026-09-23 16:53:48 Skipped test FIRE-4530 (Check IPFW status)
2026-09-23 16:53:48 Reason to skip: Incorrect guest OS (FreeBSD only)
2026-09-23 16:53:48 ===---------------------------------------------------------------===
2026-09-23 16:53:48 Skipped test FIRE-4532 (Check macOS application firewall)
2026-09-23 16:53:48 Reason to skip: Incorrect guest OS (macOS only)
2026-09-23 16:53:48 ===---------------------------------------------------------------===
2026-09-23 16:53:48 Skipped test FIRE-4534 (Check for presence of Little Snitch on macOS)
2026-09-23 16:53:48 Reason to skip: Incorrect guest OS (macOS only)
2026-09-23 16:53:48 ===---------------------------------------------------------------===
2026-09-23 16:53:48 Skipped test FIRE-4536 (Check nftables status)
2026-09-23 16:53:48 Reason to skip: Prerequisities not met (ie missing tool, other type of Linux distribution)
2026-09-23 16:53:48 ===---------------------------------------------------------------===
2026-09-23 16:53:48 Skipped test FIRE-4538 (Check nftables basic configuration)
2026-09-23 16:53:48 Reason to skip: Prerequisities not met (ie missing tool, other type of Linux distribution)
2026-09-23 16:53:48 ===---------------------------------------------------------------===
2026-09-23 16:53:48 Skipped test FIRE-4540 (Check for empty nftables configuration)
2026-09-23 16:53:48 Reason to skip: Prerequisities not met (ie missing tool, other type of Linux distribution)
2026-09-23 16:53:48 ===---------------------------------------------------------------===
2026-09-23 16:53:48 Performing test ID FIRE-4586 (Check firewall logging)
2026-09-23 16:53:48 ===---------------------------------------------------------------===
2026-09-23 16:53:48 Performing test ID FIRE-4590 (Check firewall status)
2026-09-23 16:53:48 Result: host based firewall or packet filter is active
2026-09-23 16:53:48 Hardening: assigned maximum number of hardening points for this item (5). Currently having 76 points (out of 134)
2026-09-23 16:53:48 ===---------------------------------------------------------------===
2026-09-23 16:53:48 Performing test ID FIRE-4594 (Check for APF presence)
2026-09-23 16:53:48 Test: check /etc/apf/conf.apf
2026-09-23 16:53:48 Result: /etc/apf/conf.apf does NOT exist
2026-09-23 16:53:48 Checking permissions of /usr/share/lynis/include/tests_webservers
2026-09-23 16:53:48 File permissions are OK
2026-09-23 16:53:48 ===---------------------------------------------------------------===
2026-09-23 16:53:48 Action: Performing tests from category: Software: webserver
2026-09-23 16:53:48 Action: created temporary file /tmp/lynis.do7wA8NZHk
2026-09-23 16:53:48 Action: created temporary file /tmp/lynis.ZsLAWcDX9T
2026-09-23 16:53:48 ===---------------------------------------------------------------===
2026-09-23 16:53:48 Performing test ID HTTP-6622 (Checking Apache presence)
2026-09-23 16:53:48 ===---------------------------------------------------------------===
2026-09-23 16:53:48 Skipped test HTTP-6624 (Testing main Apache configuration file)
2026-09-23 16:53:48 Reason to skip: Prerequisities not met (ie missing tool, other type of Linux distribution)
2026-09-23 16:53:48 ===---------------------------------------------------------------===
2026-09-23 16:53:48 Skipped test HTTP-6626 (Testing other Apache configuration file)
2026-09-23 16:53:48 Reason to skip: Prerequisities not met (ie missing tool, other type of Linux distribution)
2026-09-23 16:53:48 ===---------------------------------------------------------------===
2026-09-23 16:53:48 Skipped test HTTP-6632 (Determining all available Apache modules)
2026-09-23 16:53:48 Reason to skip: Prerequisities not met (ie missing tool, other type of Linux distribution)
2026-09-23 16:53:48 ===---------------------------------------------------------------===
2026-09-23 16:53:48 Skipped test HTTP-6640 (Determining existence of specific Apache modules)
2026-09-23 16:53:48 Reason to skip: Prerequisities not met (ie missing tool, other type of Linux distribution)
2026-09-23 16:53:48 ===---------------------------------------------------------------===
2026-09-23 16:53:48 Skipped test HTTP-6641 (Determining existence of specific Apache modules)
2026-09-23 16:53:48 Reason to skip: Prerequisities not met (ie missing tool, other type of Linux distribution)
2026-09-23 16:53:48 ===---------------------------------------------------------------===
2026-09-23 16:53:48 Skipped test HTTP-6643 (Determining existence of specific Apache modules)
2026-09-23 16:53:48 Reason to skip: Prerequisities not met (ie missing tool, other type of Linux distribution)
2026-09-23 16:53:48 ===---------------------------------------------------------------===
2026-09-23 16:53:48 Performing test ID HTTP-6702 (Check nginx process)
2026-09-23 16:53:48 Test: searching running nginx process
2026-09-23 16:53:48 IsRunning: process 'nginx' found (121 122 123 124 125 )
2026-09-23 16:53:48 Result: found running nginx process(es)
2026-09-23 16:53:48 ===---------------------------------------------------------------===
2026-09-23 16:53:48 Performing test ID HTTP-6704 (Check nginx configuration file)
2026-09-23 16:53:48 Test: searching nginx configuration file
2026-09-23 16:53:48 Found file /etc/nginx/nginx.conf
2026-09-23 16:53:48 Result: found nginx configuration file
2026-09-23 16:53:48 ===---------------------------------------------------------------===
2026-09-23 16:53:48 Performing test ID HTTP-6706 (Check for additional nginx configuration files)
2026-09-23 16:53:48 Action: created temporary file /tmp/lynis.aTFFhlOj1X
2026-09-23 16:53:48 Result: found Nginx configuration file /etc/nginx/modules-enabled/50-mod-http-image-filter.conf
2026-09-23 16:53:48 Test: check if we can access /etc/nginx/modules-enabled/50-mod-http-image-filter.conf (escaped: /etc/nginx/modules-enabled/50-mod-http-image-filter.conf)
2026-09-23 16:53:48 Action: checking symlink for file /etc/nginx/modules-enabled/50-mod-http-image-filter.conf
2026-09-23 16:53:48 Note: Using real readlink binary to determine symlink on /etc/nginx/modules-enabled/50-mod-http-image-filter.conf
2026-09-23 16:53:48 Result: readlink shows /usr/share/nginx/modules-available/mod-http-image-filter.conf as output
2026-09-23 16:53:48 Result: symlink found, pointing to file /usr/share/nginx/modules-available/mod-http-image-filter.conf
2026-09-23 16:53:48 Result: file is owned by our current user ID (0), checking if it is readable
2026-09-23 16:53:48 Result: file /usr/share/nginx/modules-available/mod-http-image-filter.conf is readable (or directory accessible).
2026-09-23 16:53:48 Result: found Nginx configuration file /etc/nginx/modules-enabled/50-mod-http-xslt-filter.conf
2026-09-23 16:53:48 Test: check if we can access /etc/nginx/modules-enabled/50-mod-http-xslt-filter.conf (escaped: /etc/nginx/modules-enabled/50-mod-http-xslt-filter.conf)
2026-09-23 16:53:48 Action: checking symlink for file /etc/nginx/modules-enabled/50-mod-http-xslt-filter.conf
2026-09-23 16:53:48 Note: Using real readlink binary to determine symlink on /etc/nginx/modules-enabled/50-mod-http-xslt-filter.conf
2026-09-23 16:53:48 Result: readlink shows /usr/share/nginx/modules-available/mod-http-xslt-filter.conf as output
2026-09-23 16:53:48 Result: symlink found, pointing to file /usr/share/nginx/modules-available/mod-http-xslt-filter.conf
2026-09-23 16:53:48 Result: file is owned by our current user ID (0), checking if it is readable
2026-09-23 16:53:48 Result: file /usr/share/nginx/modules-available/mod-http-xslt-filter.conf is readable (or directory accessible).
2026-09-23 16:53:48 Result: found Nginx configuration file /etc/nginx/modules-enabled/50-mod-mail.conf
2026-09-23 16:53:48 Test: check if we can access /etc/nginx/modules-enabled/50-mod-mail.conf (escaped: /etc/nginx/modules-enabled/50-mod-mail.conf)
2026-09-23 16:53:48 Action: checking symlink for file /etc/nginx/modules-enabled/50-mod-mail.conf
2026-09-23 16:53:48 Note: Using real readlink binary to determine symlink on /etc/nginx/modules-enabled/50-mod-mail.conf
2026-09-23 16:53:48 Result: readlink shows /usr/share/nginx/modules-available/mod-mail.conf as output
2026-09-23 16:53:48 Result: symlink found, pointing to file /usr/share/nginx/modules-available/mod-mail.conf
2026-09-23 16:53:48 Result: file is owned by our current user ID (0), checking if it is readable
2026-09-23 16:53:48 Result: file /usr/share/nginx/modules-available/mod-mail.conf is readable (or directory accessible).
2026-09-23 16:53:48 Result: found Nginx configuration file /etc/nginx/modules-enabled/50-mod-stream.conf
2026-09-23 16:53:48 Test: check if we can access /etc/nginx/modules-enabled/50-mod-stream.conf (escaped: /etc/nginx/modules-enabled/50-mod-stream.conf)
2026-09-23 16:53:48 Action: checking symlink for file /etc/nginx/modules-enabled/50-mod-stream.conf
2026-09-23 16:53:48 Note: Using real readlink binary to determine symlink on /etc/nginx/modules-enabled/50-mod-stream.conf
2026-09-23 16:53:48 Result: readlink shows /usr/share/nginx/modules-available/mod-stream.conf as output
2026-09-23 16:53:48 Result: symlink found, pointing to file /usr/share/nginx/modules-available/mod-stream.conf
2026-09-23 16:53:48 Result: file is owned by our current user ID (0), checking if it is readable
2026-09-23 16:53:48 Result: file /usr/share/nginx/modules-available/mod-stream.conf is readable (or directory accessible).
2026-09-23 16:53:48 Result: found Nginx configuration file /etc/nginx/mime.types
2026-09-23 16:53:48 Test: check if we can access /etc/nginx/mime.types (escaped: /etc/nginx/mime.types)
2026-09-23 16:53:48 Result: file is owned by our current user ID (0), checking if it is readable
2026-09-23 16:53:48 Result: file /etc/nginx/mime.types is readable (or directory accessible).
2026-09-23 16:53:48 Result: found Nginx configuration file /etc/nginx/sites-enabled/default
2026-09-23 16:53:48 Test: check if we can access /etc/nginx/sites-enabled/default (escaped: /etc/nginx/sites-enabled/default)
2026-09-23 16:53:48 Action: checking symlink for file /etc/nginx/sites-enabled/default
2026-09-23 16:53:48 Note: Using real readlink binary to determine symlink on /etc/nginx/sites-enabled/default
2026-09-23 16:53:48 Result: readlink shows /etc/nginx/sites-available/default as output
2026-09-23 16:53:48 Result: symlink found, pointing to file /etc/nginx/sites-available/default
2026-09-23 16:53:48 Result: file is owned by our current user ID (0), checking if it is readable
2026-09-23 16:53:48 Result: file /etc/nginx/sites-available/default is readable (or directory accessible).
2026-09-23 16:53:48 ===---------------------------------------------------------------===
2026-09-23 16:53:48 Performing test ID HTTP-6708 (Check discovered nginx configuration settings)
2026-09-23 16:53:48 Test: start parsing all discovered nginx options
2026-09-23 16:53:48 Test: check if we can access /etc/nginx/nginx.conf (escaped: /etc/nginx/nginx.conf)
2026-09-23 16:53:48 Result: file is owned by our current user ID (0), checking if it is readable
2026-09-23 16:53:48 Result: file /etc/nginx/nginx.conf is readable (or directory accessible).
2026-09-23 16:53:48 Action: created temporary file /tmp/lynis.Zr7KkdxwVX
2026-09-23 16:53:48 Action: created temporary file /tmp/lynis.RAp7ZvTaa9
2026-09-23 16:53:48 Action: parsing configuration file /etc/nginx/nginx.conf
2026-09-23 16:53:48 Result: found option user in /etc/nginx/nginx.conf with value 'www-data'
2026-09-23 16:53:48 Found unknown option user in nginx configuration
2026-09-23 16:53:48 Result: found option worker_processes in /etc/nginx/nginx.conf with value 'auto'
2026-09-23 16:53:48 Found unknown option worker_processes in nginx configuration
2026-09-23 16:53:48 Result: found option pid in /etc/nginx/nginx.conf with value '/run/nginx.pid'
2026-09-23 16:53:48 Found unknown option pid in nginx configuration
2026-09-23 16:53:48 Result: found option include in /etc/nginx/nginx.conf with value '/etc/nginx/modules-enabled/50-mod-http-image-filter.conf /etc/nginx/modules-enabled/50-mod-http-xslt-filter.conf /etc/nginx/modules-enabled/50-mod-mail.conf /etc/nginx/modules-enabled/50-mod-stream.conf'
2026-09-23 16:53:48 Result: this include does not point to a file
2026-09-23 16:53:48 Result: found option events in /etc/nginx/nginx.conf with value '{'
2026-09-23 16:53:48 Result: found option worker_connections in /etc/nginx/nginx.conf with value '768'
2026-09-23 16:53:48 Found unknown option worker_connections in nginx configuration
2026-09-23 16:53:48 Result: found option } in /etc/nginx/nginx.conf with value '}'
2026-09-23 16:53:48 Result: found option http in /etc/nginx/nginx.conf with value '{'
2026-09-23 16:53:48 Result: found option sendfile in /etc/nginx/nginx.conf with value 'on'
2026-09-23 16:53:48 Found unknown option sendfile in nginx configuration
2026-09-23 16:53:48 Result: found option tcp_nopush in /etc/nginx/nginx.conf with value 'on'
2026-09-23 16:53:48 Found unknown option tcp_nopush in nginx configuration
2026-09-23 16:53:48 Result: found option tcp_nodelay in /etc/nginx/nginx.conf with value 'on'
2026-09-23 16:53:48 Found unknown option tcp_nodelay in nginx configuration
2026-09-23 16:53:48 Result: found option keepalive_timeout in /etc/nginx/nginx.conf with value '65'
2026-09-23 16:53:48 Result: found option types_hash_max_size in /etc/nginx/nginx.conf with value '2048'
2026-09-23 16:53:48 Found unknown option types_hash_max_size in nginx configuration
2026-09-23 16:53:48 Result: found option include in /etc/nginx/nginx.conf with value '/etc/nginx/mime.types'
2026-09-23 16:53:48 Found this file already in our configuration files array, not adding to queue
2026-09-23 16:53:48 Result: found option default_type in /etc/nginx/nginx.conf with value 'application/octet-stream'
2026-09-23 16:53:48 Found unknown option default_type in nginx configuration
2026-09-23 16:53:48 Result: found option ssl_protocols in /etc/nginx/nginx.conf with value 'TLSv1 TLSv1.1 TLSv1.2 TLSv1.3;'
2026-09-23 16:53:48 Result: found protocol tlsv1
2026-09-23 16:53:48 Result: found protocol tlsv1.1
2026-09-23 16:53:48 Result: found protocol tlsv1.2
2026-09-23 16:53:48 Result: found protocol tlsv1.3
2026-09-23 16:53:48 Result: found option ssl_prefer_server_ciphers in /etc/nginx/nginx.conf with value 'on'
2026-09-23 16:53:48 Result: found option access_log in /etc/nginx/nginx.conf with value '/var/log/nginx/access.log'
2026-09-23 16:53:48 Result: found option error_log in /etc/nginx/nginx.conf with value '/var/log/nginx/error.log'
2026-09-23 16:53:48 Result: found option gzip in /etc/nginx/nginx.conf with value 'on'
2026-09-23 16:53:48 Found unknown option gzip in nginx configuration
2026-09-23 16:53:48 Result: found option include in /etc/nginx/nginx.conf with value '/etc/nginx/conf.d/*.conf'
2026-09-23 16:53:48 Result: this include does not point to a file
2026-09-23 16:53:48 Result: found option include in /etc/nginx/nginx.conf with value '/etc/nginx/sites-enabled/default'
2026-09-23 16:53:48 Found this file already in our configuration files array, not adding to queue
2026-09-23 16:53:48 Result: found option } in /etc/nginx/nginx.conf with value '}'
2026-09-23 16:53:48 Test: check if we can access /etc/nginx/modules-enabled/50-mod-http-image-filter.conf (escaped: /etc/nginx/modules-enabled/50-mod-http-image-filter.conf)
2026-09-23 16:53:48 Action: checking symlink for file /etc/nginx/modules-enabled/50-mod-http-image-filter.conf
2026-09-23 16:53:48 Note: Using real readlink binary to determine symlink on /etc/nginx/modules-enabled/50-mod-http-image-filter.conf
2026-09-23 16:53:48 Result: readlink shows /usr/share/nginx/modules-available/mod-http-image-filter.conf as output
2026-09-23 16:53:48 Result: symlink found, pointing to file /usr/share/nginx/modules-available/mod-http-image-filter.conf
2026-09-23 16:53:48 Result: file is owned by our current user ID (0), checking if it is readable
2026-09-23 16:53:48 Result: file /usr/share/nginx/modules-available/mod-http-image-filter.conf is readable (or directory accessible).
2026-09-23 16:53:48 Action: created temporary file /tmp/lynis.bWLkWUUlFe
2026-09-23 16:53:48 Action: created temporary file /tmp/lynis.xcg87NpXW9
2026-09-23 16:53:48 Action: parsing configuration file /etc/nginx/modules-enabled/50-mod-http-image-filter.conf
2026-09-23 16:53:48 Result: found option load_module in /etc/nginx/modules-enabled/50-mod-http-image-filter.conf with value 'modules/ngx_http_image_filter_module.so'
2026-09-23 16:53:48 Found unknown option load_module in nginx configuration
2026-09-23 16:53:48 Test: check if we can access /etc/nginx/modules-enabled/50-mod-http-xslt-filter.conf (escaped: /etc/nginx/modules-enabled/50-mod-http-xslt-filter.conf)
2026-09-23 16:53:48 Action: checking symlink for file /etc/nginx/modules-enabled/50-mod-http-xslt-filter.conf
2026-09-23 16:53:48 Note: Using real readlink binary to determine symlink on /etc/nginx/modules-enabled/50-mod-http-xslt-filter.conf
2026-09-23 16:53:48 Result: readlink shows /usr/share/nginx/modules-available/mod-http-xslt-filter.conf as output
2026-09-23 16:53:48 Result: symlink found, pointing to file /usr/share/nginx/modules-available/mod-http-xslt-filter.conf
2026-09-23 16:53:48 Result: file is owned by our current user ID (0), checking if it is readable
2026-09-23 16:53:48 Result: file /usr/share/nginx/modules-available/mod-http-xslt-filter.conf is readable (or directory accessible).
2026-09-23 16:53:48 Action: created temporary file /tmp/lynis.2V7u7tMmYV
2026-09-23 16:53:48 Action: created temporary file /tmp/lynis.Y7mOPqbRuB
2026-09-23 16:53:48 Action: parsing configuration file /etc/nginx/modules-enabled/50-mod-http-xslt-filter.conf
2026-09-23 16:53:48 Result: found option load_module in /etc/nginx/modules-enabled/50-mod-http-xslt-filter.conf with value 'modules/ngx_http_xslt_filter_module.so'
2026-09-23 16:53:48 Found unknown option load_module in nginx configuration
2026-09-23 16:53:48 Test: check if we can access /etc/nginx/modules-enabled/50-mod-mail.conf (escaped: /etc/nginx/modules-enabled/50-mod-mail.conf)
2026-09-23 16:53:48 Action: checking symlink for file /etc/nginx/modules-enabled/50-mod-mail.conf
2026-09-23 16:53:48 Note: Using real readlink binary to determine symlink on /etc/nginx/modules-enabled/50-mod-mail.conf
2026-09-23 16:53:48 Result: readlink shows /usr/share/nginx/modules-available/mod-mail.conf as output
2026-09-23 16:53:48 Result: symlink found, pointing to file /usr/share/nginx/modules-available/mod-mail.conf
2026-09-23 16:53:48 Result: file is owned by our current user ID (0), checking if it is readable
2026-09-23 16:53:48 Result: file /usr/share/nginx/modules-available/mod-mail.conf is readable (or directory accessible).
2026-09-23 16:53:48 Action: created temporary file /tmp/lynis.bPcsTdgHIv
2026-09-23 16:53:48 Action: created temporary file /tmp/lynis.Zc1GnzZHLZ
2026-09-23 16:53:48 Action: parsing configuration file /etc/nginx/modules-enabled/50-mod-mail.conf
2026-09-23 16:53:48 Result: found option load_module in /etc/nginx/modules-enabled/50-mod-mail.conf with value 'modules/ngx_mail_module.so'
2026-09-23 16:53:48 Found unknown option load_module in nginx configuration
2026-09-23 16:53:49 Test: check if we can access /etc/nginx/modules-enabled/50-mod-stream.conf (escaped: /etc/nginx/modules-enabled/50-mod-stream.conf)
2026-09-23 16:53:49 Action: checking symlink for file /etc/nginx/modules-enabled/50-mod-stream.conf
2026-09-23 16:53:49 Note: Using real readlink binary to determine symlink on /etc/nginx/modules-enabled/50-mod-stream.conf
2026-09-23 16:53:49 Result: readlink shows /usr/share/nginx/modules-available/mod-stream.conf as output
2026-09-23 16:53:49 Result: symlink found, pointing to file /usr/share/nginx/modules-available/mod-stream.conf
2026-09-23 16:53:49 Result: file is owned by our current user ID (0), checking if it is readable
2026-09-23 16:53:49 Result: file /usr/share/nginx/modules-available/mod-stream.conf is readable (or directory accessible).
2026-09-23 16:53:49 Action: created temporary file /tmp/lynis.YU3aKdHnfJ
2026-09-23 16:53:49 Action: created temporary file /tmp/lynis.K20puLiEIc
2026-09-23 16:53:49 Action: parsing configuration file /etc/nginx/modules-enabled/50-mod-stream.conf
2026-09-23 16:53:49 Result: found option load_module in /etc/nginx/modules-enabled/50-mod-stream.conf with value 'modules/ngx_stream_module.so'
2026-09-23 16:53:49 Found unknown option load_module in nginx configuration
2026-09-23 16:53:49 Result: this configuration file is skipped, as it contains usually no interesting details
2026-09-23 16:53:49 Test: check if we can access /etc/nginx/sites-enabled/default (escaped: /etc/nginx/sites-enabled/default)
2026-09-23 16:53:49 Action: checking symlink for file /etc/nginx/sites-enabled/default
2026-09-23 16:53:49 Note: Using real readlink binary to determine symlink on /etc/nginx/sites-enabled/default
2026-09-23 16:53:49 Result: readlink shows /etc/nginx/sites-available/default as output
2026-09-23 16:53:49 Result: symlink found, pointing to file /etc/nginx/sites-available/default
2026-09-23 16:53:49 Result: file is owned by our current user ID (0), checking if it is readable
2026-09-23 16:53:49 Result: file /etc/nginx/sites-available/default is readable (or directory accessible).
2026-09-23 16:53:49 Action: created temporary file /tmp/lynis.w3Op7rJWvP
2026-09-23 16:53:49 Action: created temporary file /tmp/lynis.fArPloYZQd
2026-09-23 16:53:49 Action: parsing configuration file /etc/nginx/sites-enabled/default
2026-09-23 16:53:49 Result: found option server in /etc/nginx/sites-enabled/default with value '{'
2026-09-23 16:53:49 Result: found option listen in /etc/nginx/sites-enabled/default with value '80;'
2026-09-23 16:53:49 Result: found option listen in /etc/nginx/sites-enabled/default with value '8080;'
2026-09-23 16:53:49 Result: found option server_name in /etc/nginx/sites-enabled/default with value '_;'
2026-09-23 16:53:49 Result: found option  in /etc/nginx/sites-enabled/default with value ''
2026-09-23 16:53:49 Found unknown option  in nginx configuration
2026-09-23 16:53:49 Result: found option root in /etc/nginx/sites-enabled/default with value '/var/www/html;'
2026-09-23 16:53:49 Result: found option autoindex in /etc/nginx/sites-enabled/default with value 'on; '
2026-09-23 16:53:49 Result: found option client_max_body_size in /etc/nginx/sites-enabled/default with value '100M;'
2026-09-23 16:53:49 Found unknown option client_max_body_size in nginx configuration
2026-09-23 16:53:49 Result: found option  in /etc/nginx/sites-enabled/default with value ''
2026-09-23 16:53:49 Found unknown option  in nginx configuration
2026-09-23 16:53:49 Result: found option server_tokens in /etc/nginx/sites-enabled/default with value 'on; '
2026-09-23 16:53:49 Found unknown option server_tokens in nginx configuration
2026-09-23 16:53:49 Result: found option  in /etc/nginx/sites-enabled/default with value ''
2026-09-23 16:53:49 Found unknown option  in nginx configuration
2026-09-23 16:53:49 Result: found option location in /etc/nginx/sites-enabled/default with value '/ {'
2026-09-23 16:53:49 Result: found option try_files in /etc/nginx/sites-enabled/default with value '$uri $uri/ =404;'
2026-09-23 16:53:49 Found unknown option try_files in nginx configuration
2026-09-23 16:53:49 Result: found option } in /etc/nginx/sites-enabled/default with value '}'
2026-09-23 16:53:49 Found unknown option } in nginx configuration
2026-09-23 16:53:49 Result: found option } in /etc/nginx/sites-enabled/default with value '}'
2026-09-23 16:53:49 Found unknown option } in nginx configuration
2026-09-23 16:53:49 ===---------------------------------------------------------------===
2026-09-23 16:53:49 Performing test ID HTTP-6710 (Check nginx SSL configuration settings)
2026-09-23 16:53:49 Result: No SSL configuration found
2026-09-23 16:53:49 Suggestion: Add HTTPS to nginx virtual hosts for enhanced protection of sensitive data and privacy [test:HTTP-6710] [details:-] [solution:-]
2026-09-23 16:53:49 Hardening: assigned partial number of hardening points (1 of 5). Currently having 77 points (out of 139)
2026-09-23 16:53:49 ===---------------------------------------------------------------===
2026-09-23 16:53:49 Performing test ID HTTP-6712 (Check nginx access logging)
2026-09-23 16:53:49 Result: no virtual hosts found which have their access log disabled
2026-09-23 16:53:49 Hardening: assigned maximum number of hardening points for this item (3). Currently having 80 points (out of 142)
2026-09-23 16:53:49 ===---------------------------------------------------------------===
2026-09-23 16:53:49 Performing test ID HTTP-6714 (Check for missing error logs in nginx)
2026-09-23 16:53:49 ===---------------------------------------------------------------===
2026-09-23 16:53:49 Performing test ID HTTP-6716 (Check for debug mode on error log in nginx)
2026-09-23 16:53:49 Result: no virtual hosts found which have their error log in debug mode
2026-09-23 16:53:49 Hardening: assigned maximum number of hardening points for this item (3). Currently having 83 points (out of 145)
2026-09-23 16:53:49 ===---------------------------------------------------------------===
2026-09-23 16:53:49 Performing test ID HTTP-6720 (Check Nginx log files)
2026-09-23 16:53:49 Test: Checking directories for files with log file definitions
2026-09-23 16:53:49 Test: Checking /etc/nginx
2026-09-23 16:53:49 Result: Directory /etc/nginx exists, so will be used as search path
2026-09-23 16:53:49 Result: found one or more log files
2026-09-23 16:53:49 Found log file: /var/log/nginx/access.log
2026-09-23 16:53:49 Test: Checking /usr/local/etc/nginx
2026-09-23 16:53:49 Result: directory /usr/local/etc/nginx not found, skipping search in this directory.
2026-09-23 16:53:49 Test: Checking /usr/local/nginx/conf
2026-09-23 16:53:49 Result: directory /usr/local/nginx/conf not found, skipping search in this directory.
2026-09-23 16:53:49 Checking permissions of /usr/share/lynis/include/tests_ssh
2026-09-23 16:53:49 File permissions are OK
2026-09-23 16:53:49 ===---------------------------------------------------------------===
2026-09-23 16:53:49 Action: Performing tests from category: SSH Support
2026-09-23 16:53:49 ===---------------------------------------------------------------===
2026-09-23 16:53:49 Performing test ID SSH-7402 (Check for running SSH daemon)
2026-09-23 16:53:49 Test: Searching for a SSH daemon
2026-09-23 16:53:49 IsRunning: process 'sshd' found (76 27427 27446 )
2026-09-23 16:53:49 Action: created temporary file /tmp/lynis.w8DX1rtymU
2026-09-23 16:53:49 ===---------------------------------------------------------------===
2026-09-23 16:53:49 Performing test ID SSH-7404 (Check SSH daemon file location)
2026-09-23 16:53:49 Test: searching for sshd_config file
2026-09-23 16:53:49 Result: /etc/ssh/sshd_config exists
2026-09-23 16:53:49 Test: check if we can access /etc/ssh/sshd_config (escaped: /etc/ssh/sshd_config)
2026-09-23 16:53:49 Result: file is owned by our current user ID (0), checking if it is readable
2026-09-23 16:53:49 Result: file /etc/ssh/sshd_config is readable (or directory accessible).
2026-09-23 16:53:49 Result: using last found configuration file: /etc/ssh/sshd_config
2026-09-23 16:53:49 ===---------------------------------------------------------------===
2026-09-23 16:53:49 Performing test ID SSH-7408 (Check SSH specific defined options)
2026-09-23 16:53:49 Test: Checking specific defined options in /tmp/lynis.w8DX1rtymU
2026-09-23 16:53:49 Test: Checking AllowTcpForwarding in /tmp/lynis.w8DX1rtymU
2026-09-23 16:53:49 Result: Option AllowTcpForwarding found
2026-09-23 16:53:49 Result: Option AllowTcpForwarding value is YES
2026-09-23 16:53:49 Result: SSH option AllowTcpForwarding is in a weak configuration state and should be fixed
2026-09-23 16:53:49 Suggestion: Consider hardening SSH configuration [test:SSH-7408] [details:AllowTcpForwarding (YES --> NO)] [solution:-]
2026-09-23 16:53:49 Hardening: assigned partial number of hardening points (0 of 3). Currently having 83 points (out of 148)
2026-09-23 16:53:49 Test: Checking ClientAliveCountMax in /tmp/lynis.w8DX1rtymU
2026-09-23 16:53:49 Result: Option ClientAliveCountMax found
2026-09-23 16:53:49 Result: Option ClientAliveCountMax value is 3
2026-09-23 16:53:49 Result: SSH option ClientAliveCountMax is configured reasonably
2026-09-23 16:53:49 Suggestion: Consider hardening SSH configuration [test:SSH-7408] [details:ClientAliveCountMax (3 --> 2)] [solution:-]
2026-09-23 16:53:49 Hardening: assigned partial number of hardening points (1 of 3). Currently having 84 points (out of 151)
2026-09-23 16:53:49 Test: Checking ClientAliveInterval in /tmp/lynis.w8DX1rtymU
2026-09-23 16:53:49 Result: Option ClientAliveInterval found
2026-09-23 16:53:49 Result: Option ClientAliveInterval value is 0
2026-09-23 16:53:49 Result: SSH option ClientAliveInterval is configured very well
2026-09-23 16:53:49 Hardening: assigned maximum number of hardening points for this item (3). Currently having 87 points (out of 154)
2026-09-23 16:53:49 Test: Checking Compression in /tmp/lynis.w8DX1rtymU
2026-09-23 16:53:49 Result: Option Compression found
2026-09-23 16:53:49 Result: Option Compression value is YES
2026-09-23 16:53:49 Result: SSH option Compression is in a weak configuration state and should be fixed
2026-09-23 16:53:49 Suggestion: Consider hardening SSH configuration [test:SSH-7408] [details:Compression (YES --> (DELAYED|NO))] [solution:-]
2026-09-23 16:53:49 Hardening: assigned partial number of hardening points (0 of 3). Currently having 87 points (out of 157)
2026-09-23 16:53:49 Test: Checking FingerprintHash in /tmp/lynis.w8DX1rtymU
2026-09-23 16:53:49 Result: Option FingerprintHash found
2026-09-23 16:53:49 Result: Option FingerprintHash value is SHA256
2026-09-23 16:53:49 Result: SSH option FingerprintHash is configured very well
2026-09-23 16:53:49 Hardening: assigned maximum number of hardening points for this item (3). Currently having 90 points (out of 160)
2026-09-23 16:53:49 Test: Checking GatewayPorts in /tmp/lynis.w8DX1rtymU
2026-09-23 16:53:49 Result: Option GatewayPorts found
2026-09-23 16:53:49 Result: Option GatewayPorts value is NO
2026-09-23 16:53:49 Result: SSH option GatewayPorts is configured very well
2026-09-23 16:53:49 Hardening: assigned maximum number of hardening points for this item (3). Currently having 93 points (out of 163)
2026-09-23 16:53:49 Test: Checking IgnoreRhosts in /tmp/lynis.w8DX1rtymU
2026-09-23 16:53:49 Result: Option IgnoreRhosts found
2026-09-23 16:53:49 Result: Option IgnoreRhosts value is YES
2026-09-23 16:53:49 Result: SSH option IgnoreRhosts is configured very well
2026-09-23 16:53:49 Hardening: assigned maximum number of hardening points for this item (3). Currently having 96 points (out of 166)
2026-09-23 16:53:49 Test: Checking LoginGraceTime in /tmp/lynis.w8DX1rtymU
2026-09-23 16:53:49 Result: Option LoginGraceTime found
2026-09-23 16:53:49 Result: Option LoginGraceTime value is 120
2026-09-23 16:53:49 Result: SSH option LoginGraceTime is configured very well
2026-09-23 16:53:49 Hardening: assigned maximum number of hardening points for this item (3). Currently having 99 points (out of 169)
2026-09-23 16:53:49 Test: Checking LogLevel in /tmp/lynis.w8DX1rtymU
2026-09-23 16:53:49 Result: Option LogLevel found
2026-09-23 16:53:49 Result: Option LogLevel value is INFO
2026-09-23 16:53:49 Result: SSH option LogLevel is configured reasonably
2026-09-23 16:53:49 Suggestion: Consider hardening SSH configuration [test:SSH-7408] [details:LogLevel (INFO --> VERBOSE)] [solution:-]
2026-09-23 16:53:49 Hardening: assigned partial number of hardening points (1 of 3). Currently having 100 points (out of 172)
2026-09-23 16:53:49 Test: Checking MaxAuthTries in /tmp/lynis.w8DX1rtymU
2026-09-23 16:53:49 Result: Option MaxAuthTries found
2026-09-23 16:53:49 Result: Option MaxAuthTries value is 6
2026-09-23 16:53:49 Result: SSH option MaxAuthTries is in a weak configuration state and should be fixed
2026-09-23 16:53:49 Suggestion: Consider hardening SSH configuration [test:SSH-7408] [details:MaxAuthTries (6 --> 2)] [solution:-]
2026-09-23 16:53:49 Hardening: assigned partial number of hardening points (0 of 3). Currently having 100 points (out of 175)
2026-09-23 16:53:49 Test: Checking MaxSessions in /tmp/lynis.w8DX1rtymU
2026-09-23 16:53:49 Result: Option MaxSessions found
2026-09-23 16:53:49 Result: Option MaxSessions value is 10
2026-09-23 16:53:49 Result: SSH option MaxSessions is in a weak configuration state and should be fixed
2026-09-23 16:53:49 Suggestion: Consider hardening SSH configuration [test:SSH-7408] [details:MaxSessions (10 --> 2)] [solution:-]
2026-09-23 16:53:49 Hardening: assigned partial number of hardening points (0 of 3). Currently having 100 points (out of 178)
2026-09-23 16:53:49 Test: Checking PermitRootLogin in /tmp/lynis.w8DX1rtymU
2026-09-23 16:53:49 Result: Option PermitRootLogin found
2026-09-23 16:53:49 Result: Option PermitRootLogin value is YES
2026-09-23 16:53:49 Result: SSH option PermitRootLogin is in a weak configuration state and should be fixed
2026-09-23 16:53:49 Suggestion: Consider hardening SSH configuration [test:SSH-7408] [details:PermitRootLogin (YES --> NO)] [solution:-]
2026-09-23 16:53:49 Hardening: assigned partial number of hardening points (0 of 3). Currently having 100 points (out of 181)
2026-09-23 16:53:49 Test: Checking PermitUserEnvironment in /tmp/lynis.w8DX1rtymU
2026-09-23 16:53:49 Result: Option PermitUserEnvironment found
2026-09-23 16:53:49 Result: Option PermitUserEnvironment value is NO
2026-09-23 16:53:49 Result: SSH option PermitUserEnvironment is configured very well
2026-09-23 16:53:49 Hardening: assigned maximum number of hardening points for this item (3). Currently having 103 points (out of 184)
2026-09-23 16:53:49 Test: Checking PermitTunnel in /tmp/lynis.w8DX1rtymU
2026-09-23 16:53:49 Result: Option PermitTunnel found
2026-09-23 16:53:49 Result: Option PermitTunnel value is NO
2026-09-23 16:53:49 Result: SSH option PermitTunnel is configured very well
2026-09-23 16:53:49 Hardening: assigned maximum number of hardening points for this item (3). Currently having 106 points (out of 187)
2026-09-23 16:53:49 Test: Checking Port in /tmp/lynis.w8DX1rtymU
2026-09-23 16:53:49 Result: Option Port found
2026-09-23 16:53:49 Result: Option Port value is 22
2026-09-23 16:53:49 Result: SSH option Port is in a weak configuration state and should be fixed
2026-09-23 16:53:49 Suggestion: Consider hardening SSH configuration [test:SSH-7408] [details:Port (22 --> )] [solution:-]
2026-09-23 16:53:49 Hardening: assigned partial number of hardening points (0 of 3). Currently having 106 points (out of 190)
2026-09-23 16:53:49 Test: Checking PrintLastLog in /tmp/lynis.w8DX1rtymU
2026-09-23 16:53:49 Result: Option PrintLastLog found
2026-09-23 16:53:49 Result: Option PrintLastLog value is YES
2026-09-23 16:53:49 Result: SSH option PrintLastLog is configured very well
2026-09-23 16:53:49 Hardening: assigned maximum number of hardening points for this item (3). Currently having 109 points (out of 193)
2026-09-23 16:53:49 Test: Checking Protocol in /tmp/lynis.w8DX1rtymU
2026-09-23 16:53:49 Result: Option Protocol not found in output
2026-09-23 16:53:49 Test: Checking StrictModes in /tmp/lynis.w8DX1rtymU
2026-09-23 16:53:49 Result: Option StrictModes found
2026-09-23 16:53:49 Result: Option StrictModes value is YES
2026-09-23 16:53:49 Result: SSH option StrictModes is configured very well
2026-09-23 16:53:49 Hardening: assigned maximum number of hardening points for this item (3). Currently having 112 points (out of 196)
2026-09-23 16:53:49 Test: Checking TCPKeepAlive in /tmp/lynis.w8DX1rtymU
2026-09-23 16:53:49 Result: Option TCPKeepAlive found
2026-09-23 16:53:49 Result: Option TCPKeepAlive value is YES
2026-09-23 16:53:49 Result: SSH option TCPKeepAlive is in a weak configuration state and should be fixed
2026-09-23 16:53:49 Suggestion: Consider hardening SSH configuration [test:SSH-7408] [details:TCPKeepAlive (YES --> NO)] [solution:-]
2026-09-23 16:53:49 Hardening: assigned partial number of hardening points (0 of 3). Currently having 112 points (out of 199)
2026-09-23 16:53:49 Test: Checking UseDNS in /tmp/lynis.w8DX1rtymU
2026-09-23 16:53:49 Result: Option UseDNS found
2026-09-23 16:53:49 Result: Option UseDNS value is NO
2026-09-23 16:53:49 Result: SSH option UseDNS is configured very well
2026-09-23 16:53:49 Hardening: assigned maximum number of hardening points for this item (3). Currently having 115 points (out of 202)
2026-09-23 16:53:49 Test: Checking UsePrivilegeSeparation in /tmp/lynis.w8DX1rtymU
2026-09-23 16:53:49 Result: Option UsePrivilegeSeparation not found in output
2026-09-23 16:53:49 Test: Checking VerifyReverseMapping in /tmp/lynis.w8DX1rtymU
2026-09-23 16:53:49 Result: Option VerifyReverseMapping not found in output
2026-09-23 16:53:49 Test: Checking X11Forwarding in /tmp/lynis.w8DX1rtymU
2026-09-23 16:53:49 Result: Option X11Forwarding found
2026-09-23 16:53:49 Result: Option X11Forwarding value is YES
2026-09-23 16:53:49 Result: SSH option X11Forwarding is in a weak configuration state and should be fixed
2026-09-23 16:53:49 Suggestion: Consider hardening SSH configuration [test:SSH-7408] [details:X11Forwarding (YES --> NO)] [solution:-]
2026-09-23 16:53:49 Hardening: assigned partial number of hardening points (0 of 3). Currently having 115 points (out of 205)
2026-09-23 16:53:49 Test: Checking AllowAgentForwarding in /tmp/lynis.w8DX1rtymU
2026-09-23 16:53:49 Result: Option AllowAgentForwarding found
2026-09-23 16:53:49 Result: Option AllowAgentForwarding value is YES
2026-09-23 16:53:49 Result: SSH option AllowAgentForwarding is in a weak configuration state and should be fixed
2026-09-23 16:53:49 Suggestion: Consider hardening SSH configuration [test:SSH-7408] [details:AllowAgentForwarding (YES --> NO)] [solution:-]
2026-09-23 16:53:49 Hardening: assigned partial number of hardening points (0 of 3). Currently having 115 points (out of 208)
2026-09-23 16:53:49 ===---------------------------------------------------------------===
2026-09-23 16:53:49 Performing test ID SSH-7440 (Check SSH option: AllowUsers and AllowGroups)
2026-09-23 16:53:49 Result: AllowUsers is not set
2026-09-23 16:53:49 Result: AllowGroups is not set
2026-09-23 16:53:49 Result: SSH has no specific user or group limitation. Most likely all valid users can SSH to this machine.
2026-09-23 16:53:49 Hardening: assigned partial number of hardening points (0 of 1). Currently having 115 points (out of 209)
2026-09-23 16:53:49 Checking permissions of /usr/share/lynis/include/tests_snmp
2026-09-23 16:53:49 File permissions are OK
2026-09-23 16:53:49 ===---------------------------------------------------------------===
2026-09-23 16:53:49 Action: Performing tests from category: SNMP Support
2026-09-23 16:53:49 ===---------------------------------------------------------------===
2026-09-23 16:53:49 Performing test ID SNMP-3302 (Check for running SNMP daemon)
2026-09-23 16:53:49 Test: Searching for a SNMP daemon
2026-09-23 16:53:49 IsRunning: process 'snmpd' not found
2026-09-23 16:53:49 Result: No running SNMP daemon found
2026-09-23 16:53:49 ===---------------------------------------------------------------===
2026-09-23 16:53:49 Skipped test SNMP-3304 (Check SNMP daemon file location)
2026-09-23 16:53:49 Reason to skip: Prerequisities not met (ie missing tool, other type of Linux distribution)
2026-09-23 16:53:49 ===---------------------------------------------------------------===
2026-09-23 16:53:49 Skipped test SNMP-3306 (Check SNMP communities)
2026-09-23 16:53:49 Reason to skip: Prerequisities not met (ie missing tool, other type of Linux distribution)
2026-09-23 16:53:49 Checking permissions of /usr/share/lynis/include/tests_databases
2026-09-23 16:53:49 File permissions are OK
2026-09-23 16:53:49 ===---------------------------------------------------------------===
2026-09-23 16:53:49 Action: Performing tests from category: Databases
2026-09-23 16:53:49 ===---------------------------------------------------------------===
2026-09-23 16:53:49 Performing test ID DBS-1804 (Checking active MySQL process)
2026-09-23 16:53:49 Result: MySQL process not active
2026-09-23 16:53:49 ===---------------------------------------------------------------===
2026-09-23 16:53:49 Skipped test DBS-1816 (Checking MySQL root password)
2026-09-23 16:53:49 Reason to skip: MySQL not installed, or not running
2026-09-23 16:53:49 Test skipped, MySQL daemon not running or no MySQL client available
2026-09-23 16:53:49 ===---------------------------------------------------------------===
2026-09-23 16:53:49 Performing test ID DBS-1818 (Check status of MongoDB server)
2026-09-23 16:53:49 IsRunning: process 'mongod' not found
2026-09-23 16:53:49 ===---------------------------------------------------------------===
2026-09-23 16:53:49 Performing test ID DBS-1820 (Check for authorization in MongoDB)
2026-09-23 16:53:49 ===---------------------------------------------------------------===
2026-09-23 16:53:49 Performing test ID DBS-1826 (Checking active PostgreSQL processes)
2026-09-23 16:53:49 IsRunning: process 'postgres:' not found
2026-09-23 16:53:49 Result: PostgreSQL process not active
2026-09-23 16:53:49 ===---------------------------------------------------------------===
2026-09-23 16:53:49 Performing test ID DBS-1840 (Checking active Oracle processes)
2026-09-23 16:53:49 Result: Oracle process(es) not active
2026-09-23 16:53:49 ===---------------------------------------------------------------===
2026-09-23 16:53:49 Performing test ID DBS-1860 (Checking active DB2 instances)
2026-09-23 16:53:49 IsRunning: process 'db2sysc' not found
2026-09-23 16:53:49 Result: No DB2 instances are running
2026-09-23 16:53:49 ===---------------------------------------------------------------===
2026-09-23 16:53:49 Performing test ID DBS-1880 (Check for active Redis server)
2026-09-23 16:53:49 IsRunning: process 'redis-server' not found
2026-09-23 16:53:49 Result: No Redis processes are running
2026-09-23 16:53:49 ===---------------------------------------------------------------===
2026-09-23 16:53:49 Skipped test DBS-1882 (Redis configuration file)
2026-09-23 16:53:49 Reason to skip: Redis not running
2026-09-23 16:53:49 ===---------------------------------------------------------------===
2026-09-23 16:53:49 Skipped test DBS-1884 (Redis: requirepass option configured)
2026-09-23 16:53:49 Reason to skip: Redis not running, or no configuration file found
2026-09-23 16:53:49 ===---------------------------------------------------------------===
2026-09-23 16:53:49 Skipped test DBS-1886 (Redis: rename-command CONFIG used)
2026-09-23 16:53:49 Reason to skip: Redis not running, or no configuration found
2026-09-23 16:53:49 ===---------------------------------------------------------------===
2026-09-23 16:53:49 Skipped test DBS-1888 (Redis: bind on localhost)
2026-09-23 16:53:49 Reason to skip: Redis not running, or no configuration found
2026-09-23 16:53:49 Checking permissions of /usr/share/lynis/include/tests_ldap
2026-09-23 16:53:49 File permissions are OK
2026-09-23 16:53:49 ===---------------------------------------------------------------===
2026-09-23 16:53:49 Action: Performing tests from category: LDAP Services
2026-09-23 16:53:49 ===---------------------------------------------------------------===
2026-09-23 16:53:49 Performing test ID LDAP-2219 (Check running OpenLDAP instance)
2026-09-23 16:53:49 IsRunning: process 'slapd' not found
2026-09-23 16:53:49 Result: No running slapd process found.
2026-09-23 16:53:49 ===---------------------------------------------------------------===
2026-09-23 16:53:49 Skipped test LDAP-2224 (Check presence slapd.conf)
2026-09-23 16:53:49 Reason to skip: Prerequisities not met (ie missing tool, other type of Linux distribution)
2026-09-23 16:53:49 Checking permissions of /usr/share/lynis/include/tests_php
2026-09-23 16:53:49 File permissions are OK
2026-09-23 16:53:49 ===---------------------------------------------------------------===
2026-09-23 16:53:49 Action: Performing tests from category: PHP
2026-09-23 16:53:49 ===---------------------------------------------------------------===
2026-09-23 16:53:49 Performing test ID PHP-2211 (Check php.ini presence)
2026-09-23 16:53:49 Test: Checking for presence php.ini
2026-09-23 16:53:49 Test: checking presence /etc/php.ini
2026-09-23 16:53:49 Result: file /etc/php.ini not found
2026-09-23 16:53:49 Test: checking presence /etc/php.ini.default
2026-09-23 16:53:49 Result: file /etc/php.ini.default not found
2026-09-23 16:53:49 Test: checking presence /etc/php/php.ini
2026-09-23 16:53:49 Result: file /etc/php/php.ini not found
2026-09-23 16:53:49 Test: checking presence /etc/php5.5/php.ini
2026-09-23 16:53:49 Result: file /etc/php5.5/php.ini not found
2026-09-23 16:53:49 Test: checking presence /etc/php5.6/php.ini
2026-09-23 16:53:49 Result: file /etc/php5.6/php.ini not found
2026-09-23 16:53:49 Test: checking presence /etc/php7.0/php.ini
2026-09-23 16:53:49 Result: file /etc/php7.0/php.ini not found
2026-09-23 16:53:49 Test: checking presence /etc/php7.1/php.ini
2026-09-23 16:53:49 Result: file /etc/php7.1/php.ini not found
2026-09-23 16:53:49 Test: checking presence /etc/php7.2/php.ini
2026-09-23 16:53:49 Result: file /etc/php7.2/php.ini not found
2026-09-23 16:53:49 Test: checking presence /etc/php/cgi-php5/php.ini
2026-09-23 16:53:49 Result: file /etc/php/cgi-php5/php.ini not found
2026-09-23 16:53:49 Test: checking presence /etc/php/cli-php5/php.ini
2026-09-23 16:53:49 Result: file /etc/php/cli-php5/php.ini not found
2026-09-23 16:53:49 Test: checking presence /etc/php/apache2-php5/php.ini
2026-09-23 16:53:49 Result: file /etc/php/apache2-php5/php.ini not found
2026-09-23 16:53:49 Test: checking presence /etc/php/apache2-php5.5/php.ini
2026-09-23 16:53:49 Result: file /etc/php/apache2-php5.5/php.ini not found
2026-09-23 16:53:49 Test: checking presence /etc/php/apache2-php5.6/php.ini
2026-09-23 16:53:49 Result: file /etc/php/apache2-php5.6/php.ini not found
2026-09-23 16:53:49 Test: checking presence /etc/php/apache2-php7.0/php.ini
2026-09-23 16:53:49 Result: file /etc/php/apache2-php7.0/php.ini not found
2026-09-23 16:53:49 Test: checking presence /etc/php/apache2-php7.1/php.ini
2026-09-23 16:53:49 Result: file /etc/php/apache2-php7.1/php.ini not found
2026-09-23 16:53:49 Test: checking presence /etc/php/cgi-php7.1/php.ini
2026-09-23 16:53:49 Result: file /etc/php/cgi-php7.1/php.ini not found
2026-09-23 16:53:49 Test: checking presence /etc/php/apache2-php7.1/php.ini
2026-09-23 16:53:49 Result: file /etc/php/apache2-php7.1/php.ini not found
2026-09-23 16:53:49 Test: checking presence /etc/php/cgi-php5.5/php.ini
2026-09-23 16:53:49 Result: file /etc/php/cgi-php5.5/php.ini not found
2026-09-23 16:53:49 Test: checking presence /etc/php/cgi-php5.6/php.ini
2026-09-23 16:53:50 Result: file /etc/php/cgi-php5.6/php.ini not found
2026-09-23 16:53:50 Test: checking presence /etc/php/cgi-php7.0/php.ini
2026-09-23 16:53:50 Result: file /etc/php/cgi-php7.0/php.ini not found
2026-09-23 16:53:50 Test: checking presence /etc/php/cli-php7.1/php.ini
2026-09-23 16:53:50 Result: file /etc/php/cli-php7.1/php.ini not found
2026-09-23 16:53:50 Test: checking presence /etc/php/cli-php5.5/php.ini
2026-09-23 16:53:50 Result: file /etc/php/cli-php5.5/php.ini not found
2026-09-23 16:53:50 Test: checking presence /etc/php/cli-php5.6/php.ini
2026-09-23 16:53:50 Result: file /etc/php/cli-php5.6/php.ini not found
2026-09-23 16:53:50 Test: checking presence /etc/php/cli-php7.0/php.ini
2026-09-23 16:53:50 Result: file /etc/php/cli-php7.0/php.ini not found
2026-09-23 16:53:50 Test: checking presence /etc/php/embed-php7.1/php.ini
2026-09-23 16:53:50 Result: file /etc/php/embed-php7.1/php.ini not found
2026-09-23 16:53:50 Test: checking presence /etc/php/embed-php5.5/php.ini
2026-09-23 16:53:50 Result: file /etc/php/embed-php5.5/php.ini not found
2026-09-23 16:53:50 Test: checking presence /etc/php/embed-php5.6/php.ini
2026-09-23 16:53:50 Result: file /etc/php/embed-php5.6/php.ini not found
2026-09-23 16:53:50 Test: checking presence /etc/php/embed-php7.0/php.ini
2026-09-23 16:53:50 Result: file /etc/php/embed-php7.0/php.ini not found
2026-09-23 16:53:50 Test: checking presence /etc/php/fpm-php7.1/php.ini
2026-09-23 16:53:50 Result: file /etc/php/fpm-php7.1/php.ini not found
2026-09-23 16:53:50 Test: checking presence /etc/php/fpm-php5.5/php.ini
2026-09-23 16:53:50 Result: file /etc/php/fpm-php5.5/php.ini not found
2026-09-23 16:53:50 Test: checking presence /etc/php/fpm-php5.6/php.ini
2026-09-23 16:53:50 Result: file /etc/php/fpm-php5.6/php.ini not found
2026-09-23 16:53:50 Test: checking presence /etc/php/fpm-php7.0/php.ini
2026-09-23 16:53:50 Result: file /etc/php/fpm-php7.0/php.ini not found
2026-09-23 16:53:50 Test: checking presence /etc/php5/cgi/php.ini
2026-09-23 16:53:50 Result: file /etc/php5/cgi/php.ini not found
2026-09-23 16:53:50 Test: checking presence /etc/php5/cli/php.ini
2026-09-23 16:53:50 Result: file /etc/php5/cli/php.ini not found
2026-09-23 16:53:50 Test: checking presence /etc/php5/cli-php5.4/php.ini
2026-09-23 16:53:50 Result: file /etc/php5/cli-php5.4/php.ini not found
2026-09-23 16:53:50 Test: checking presence /etc/php5/cli-php5.5/php.ini
2026-09-23 16:53:50 Result: file /etc/php5/cli-php5.5/php.ini not found
2026-09-23 16:53:50 Test: checking presence /etc/php5/cli-php5.6/php.ini
2026-09-23 16:53:50 Result: file /etc/php5/cli-php5.6/php.ini not found
2026-09-23 16:53:50 Test: checking presence /etc/php5/apache2/php.ini
2026-09-23 16:53:50 Result: file /etc/php5/apache2/php.ini not found
2026-09-23 16:53:50 Test: checking presence /etc/php5/fpm/php.ini
2026-09-23 16:53:50 Result: file /etc/php5/fpm/php.ini not found
2026-09-23 16:53:50 Test: checking presence /private/etc/php.ini
2026-09-23 16:53:50 Result: file /private/etc/php.ini not found
2026-09-23 16:53:50 Test: checking presence /etc/php/7.0/cli/php.ini
2026-09-23 16:53:50 Result: file /etc/php/7.0/cli/php.ini not found
2026-09-23 16:53:50 Test: checking presence /etc/php/7.0/fpm/php.ini
2026-09-23 16:53:50 Result: file /etc/php/7.0/fpm/php.ini not found
2026-09-23 16:53:50 Test: checking presence /var/www/conf/php.ini
2026-09-23 16:53:50 Result: file /var/www/conf/php.ini not found
2026-09-23 16:53:50 Test: checking presence /usr/local/etc/php.ini
2026-09-23 16:53:50 Result: file /usr/local/etc/php.ini not found
2026-09-23 16:53:50 Test: checking presence /usr/local/lib/php.ini
2026-09-23 16:53:50 Result: file /usr/local/lib/php.ini not found
2026-09-23 16:53:50 Test: checking presence /usr/local/etc/php5/cgi/php.ini
2026-09-23 16:53:50 Result: file /usr/local/etc/php5/cgi/php.ini not found
2026-09-23 16:53:50 Test: checking presence /usr/local/php54/lib/php.ini
2026-09-23 16:53:50 Result: file /usr/local/php54/lib/php.ini not found
2026-09-23 16:53:50 Test: checking presence /usr/local/php56/lib/php.ini
2026-09-23 16:53:50 Result: file /usr/local/php56/lib/php.ini not found
2026-09-23 16:53:50 Test: checking presence /usr/local/php70/lib/php.ini
2026-09-23 16:53:50 Result: file /usr/local/php70/lib/php.ini not found
2026-09-23 16:53:50 Test: checking presence /usr/local/php71/lib/php.ini
2026-09-23 16:53:50 Result: file /usr/local/php71/lib/php.ini not found
2026-09-23 16:53:50 Test: checking presence /usr/local/zend/etc/php.ini
2026-09-23 16:53:50 Result: file /usr/local/zend/etc/php.ini not found
2026-09-23 16:53:50 Test: checking presence /usr/pkg/etc/php.ini
2026-09-23 16:53:50 Result: file /usr/pkg/etc/php.ini not found
2026-09-23 16:53:50 Test: checking presence /opt/cpanel/ea-php54/root/etc/php.ini
2026-09-23 16:53:50 Result: file /opt/cpanel/ea-php54/root/etc/php.ini not found
2026-09-23 16:53:50 Test: checking presence /opt/cpanel/ea-php55/root/etc/php.ini
2026-09-23 16:53:50 Result: file /opt/cpanel/ea-php55/root/etc/php.ini not found
2026-09-23 16:53:50 Test: checking presence /opt/cpanel/ea-php56/root/etc/php.ini
2026-09-23 16:53:50 Result: file /opt/cpanel/ea-php56/root/etc/php.ini not found
2026-09-23 16:53:50 Test: checking presence /opt/cpanel/ea-php70/root/etc/php.ini
2026-09-23 16:53:50 Result: file /opt/cpanel/ea-php70/root/etc/php.ini not found
2026-09-23 16:53:50 Test: checking presence /opt/cpanel/ea-php71/root/etc/php.ini
2026-09-23 16:53:50 Result: file /opt/cpanel/ea-php71/root/etc/php.ini not found
2026-09-23 16:53:50 Test: checking presence /opt/alt/php44/etc/php.ini
2026-09-23 16:53:50 Result: file /opt/alt/php44/etc/php.ini not found
2026-09-23 16:53:50 Test: checking presence /opt/alt/php51/etc/php.ini
2026-09-23 16:53:50 Result: file /opt/alt/php51/etc/php.ini not found
2026-09-23 16:53:50 Test: checking presence /opt/alt/php52/etc/php.ini
2026-09-23 16:53:50 Result: file /opt/alt/php52/etc/php.ini not found
2026-09-23 16:53:50 Test: checking presence /opt/alt/php53/etc/php.ini
2026-09-23 16:53:50 Result: file /opt/alt/php53/etc/php.ini not found
2026-09-23 16:53:50 Test: checking presence /opt/alt/php54/etc/php.ini
2026-09-23 16:53:50 Result: file /opt/alt/php54/etc/php.ini not found
2026-09-23 16:53:50 Test: checking presence /opt/alt/php55/etc/php.ini
2026-09-23 16:53:50 Result: file /opt/alt/php55/etc/php.ini not found
2026-09-23 16:53:50 Test: checking presence /opt/alt/php56/etc/php.ini
2026-09-23 16:53:50 Result: file /opt/alt/php56/etc/php.ini not found
2026-09-23 16:53:50 Test: checking presence /opt/alt/php70/etc/php.ini
2026-09-23 16:53:50 Result: file /opt/alt/php70/etc/php.ini not found
2026-09-23 16:53:50 Test: checking presence /opt/alt/php71/etc/php.ini
2026-09-23 16:53:50 Result: file /opt/alt/php71/etc/php.ini not found
2026-09-23 16:53:50 Result: no files found for /etc/php5/conf.d
2026-09-23 16:53:50 Result: no files found for /etc/php/7.0/cli/conf.d
2026-09-23 16:53:50 Result: no files found for /etc/php/7.1/cli/conf.d
2026-09-23 16:53:50 Result: no files found for /etc/php/7.2/cli/conf.d
2026-09-23 16:53:50 Result: no files found for /etc/php/7.0/fpm/conf.d
2026-09-23 16:53:50 Result: no files found for /etc/php/7.1/fpm/conf.d
2026-09-23 16:53:50 Result: no files found for /etc/php/7.2/fpm/conf.d
2026-09-23 16:53:50 Result: no files found for /etc/php.d
2026-09-23 16:53:50 Result: no files found for /opt/cpanel/ea-php54/root/etc/php.d
2026-09-23 16:53:50 Result: no files found for /opt/cpanel/ea-php55/root/etc/php.d
2026-09-23 16:53:50 Result: no files found for /opt/cpanel/ea-php56/root/etc/php.d
2026-09-23 16:53:50 Result: no files found for /opt/cpanel/ea-php70/root/etc/php.d
2026-09-23 16:53:50 Result: no files found for /opt/cpanel/ea-php71/root/etc/php.d
2026-09-23 16:53:50 Result: no files found for /opt/alt/php44/etc/php.d.all
2026-09-23 16:53:50 Result: no files found for /opt/alt/php51/etc/php.d.all
2026-09-23 16:53:50 Result: no files found for /opt/alt/php52/etc/php.d.all
2026-09-23 16:53:50 Result: no files found for /opt/alt/php53/etc/php.d.all
2026-09-23 16:53:50 Result: no files found for /opt/alt/php54/etc/php.d.all
2026-09-23 16:53:50 Result: no files found for /opt/alt/php55/etc/php.d.all
2026-09-23 16:53:50 Result: no files found for /opt/alt/php56/etc/php.d.all
2026-09-23 16:53:50 Result: no files found for /opt/alt/php70/etc/php.d.all
2026-09-23 16:53:50 Result: no files found for /opt/alt/php71/etc/php.d.all
2026-09-23 16:53:50 Result: no php.ini file found
2026-09-23 16:53:50 ===---------------------------------------------------------------===
2026-09-23 16:53:50 Skipped test PHP-2320 (Check PHP disabled functions)
2026-09-23 16:53:50 Reason to skip: Prerequisities not met (ie missing tool, other type of Linux distribution)
2026-09-23 16:53:50 ===---------------------------------------------------------------===
2026-09-23 16:53:50 Skipped test PHP-2368 (Check PHP register_globals option)
2026-09-23 16:53:50 Reason to skip: Prerequisities not met (ie missing tool, other type of Linux distribution)
2026-09-23 16:53:50 ===---------------------------------------------------------------===
2026-09-23 16:53:50 Skipped test PHP-2372 (Check PHP expose_php option)
2026-09-23 16:53:50 Reason to skip: Prerequisities not met (ie missing tool, other type of Linux distribution)
2026-09-23 16:53:50 ===---------------------------------------------------------------===
2026-09-23 16:53:50 Skipped test PHP-2374 (Check PHP enable_dl option)
2026-09-23 16:53:50 Reason to skip: Prerequisities not met (ie missing tool, other type of Linux distribution)
2026-09-23 16:53:50 ===---------------------------------------------------------------===
2026-09-23 16:53:50 Skipped test PHP-2376 (Check PHP allow_url_fopen option)
2026-09-23 16:53:50 Reason to skip: Prerequisities not met (ie missing tool, other type of Linux distribution)
2026-09-23 16:53:50 ===---------------------------------------------------------------===
2026-09-23 16:53:50 Skipped test PHP-2378 (Check PHP allow_url_include option)
2026-09-23 16:53:50 Reason to skip: Prerequisities not met (ie missing tool, other type of Linux distribution)
2026-09-23 16:53:50 ===---------------------------------------------------------------===
2026-09-23 16:53:50 Skipped test PHP-2379 (Check PHP suhosin extension status)
2026-09-23 16:53:50 Reason to skip: Prerequisities not met (ie missing tool, other type of Linux distribution)
2026-09-23 16:53:50 Checking permissions of /usr/share/lynis/include/tests_squid
2026-09-23 16:53:50 File permissions are OK
2026-09-23 16:53:50 ===---------------------------------------------------------------===
2026-09-23 16:53:50 Action: Performing tests from category: Squid Support
2026-09-23 16:53:50 ===---------------------------------------------------------------===
2026-09-23 16:53:50 Performing test ID SQD-3602 (Check for running Squid daemon)
2026-09-23 16:53:50 Test: Searching for a Squid daemon
2026-09-23 16:53:50 Result: No running Squid daemon found
2026-09-23 16:53:50 ===---------------------------------------------------------------===
2026-09-23 16:53:50 Skipped test SQD-3604 (Check Squid daemon file location)
2026-09-23 16:53:50 Reason to skip: Prerequisities not met (ie missing tool, other type of Linux distribution)
2026-09-23 16:53:50 ===---------------------------------------------------------------===
2026-09-23 16:53:50 Skipped test SQD-3606 (Check Squid version)
2026-09-23 16:53:50 Reason to skip: Prerequisities not met (ie missing tool, other type of Linux distribution)
2026-09-23 16:53:50 ===---------------------------------------------------------------===
2026-09-23 16:53:50 Skipped test SQD-3610 (Check Squid version)
2026-09-23 16:53:50 Reason to skip: Prerequisities not met (ie missing tool, other type of Linux distribution)
2026-09-23 16:53:50 ===---------------------------------------------------------------===
2026-09-23 16:53:50 Skipped test SQD-3613 (Check Squid file permissions)
2026-09-23 16:53:50 Reason to skip: Prerequisities not met (ie missing tool, other type of Linux distribution)
2026-09-23 16:53:50 ===---------------------------------------------------------------===
2026-09-23 16:53:50 Skipped test SQD-3614 (Check Squid authentication methods)
2026-09-23 16:53:50 Reason to skip: Prerequisities not met (ie missing tool, other type of Linux distribution)
2026-09-23 16:53:50 ===---------------------------------------------------------------===
2026-09-23 16:53:50 Skipped test SQD-3616 (Check external Squid authentication)
2026-09-23 16:53:50 Reason to skip: Prerequisities not met (ie missing tool, other type of Linux distribution)
2026-09-23 16:53:50 ===---------------------------------------------------------------===
2026-09-23 16:53:50 Skipped test SQD-3620 (Check Squid access control lists)
2026-09-23 16:53:50 Reason to skip: Prerequisities not met (ie missing tool, other type of Linux distribution)
2026-09-23 16:53:50 ===---------------------------------------------------------------===
2026-09-23 16:53:50 Skipped test SQD-3624 (Check Squid safe ports)
2026-09-23 16:53:50 Reason to skip: Prerequisities not met (ie missing tool, other type of Linux distribution)
2026-09-23 16:53:50 ===---------------------------------------------------------------===
2026-09-23 16:53:50 Skipped test SQD-3630 (Check Squid reply_body_max_size option)
2026-09-23 16:53:50 Reason to skip: Prerequisities not met (ie missing tool, other type of Linux distribution)
2026-09-23 16:53:50 ===---------------------------------------------------------------===
2026-09-23 16:53:50 Skipped test SQD-3680 (Check Squid version suppresion)
2026-09-23 16:53:50 Reason to skip: Prerequisities not met (ie missing tool, other type of Linux distribution)
2026-09-23 16:53:50 Checking permissions of /usr/share/lynis/include/tests_logging
2026-09-23 16:53:50 File permissions are OK
2026-09-23 16:53:50 ===---------------------------------------------------------------===
2026-09-23 16:53:50 Action: Performing tests from category: Logging and files
2026-09-23 16:53:50 ===---------------------------------------------------------------===
2026-09-23 16:53:50 Performing test ID LOGG-2130 (Check for running syslog daemon)
2026-09-23 16:53:50 Test: Searching for a logging daemon
2026-09-23 16:53:50 Result: Found a logging daemon
2026-09-23 16:53:50 Hardening: assigned maximum number of hardening points for this item (3). Currently having 118 points (out of 212)
2026-09-23 16:53:50 ===---------------------------------------------------------------===
2026-09-23 16:53:50 Performing test ID LOGG-2132 (Check for running syslog-ng daemon)
2026-09-23 16:53:50 Test: Searching for syslog-ng daemon in process list
2026-09-23 16:53:50 IsRunning: process 'syslog-ng' not found
2026-09-23 16:53:50 Result: Syslog-ng NOT found in process list
2026-09-23 16:53:50 ===---------------------------------------------------------------===
2026-09-23 16:53:50 Skipped test LOGG-2134 (Checking Syslog-NG configuration file consistency)
2026-09-23 16:53:50 Reason to skip: Prerequisities not met (ie missing tool, other type of Linux distribution)
2026-09-23 16:53:50 ===---------------------------------------------------------------===
2026-09-23 16:53:50 Performing test ID LOGG-2136 (Check for running systemd journal daemon)
2026-09-23 16:53:50 Test: Searching for systemd journal daemon in process list
2026-09-23 16:53:50 IsRunning: process 'systemd-journal' found (27 )
2026-09-23 16:53:50 ===---------------------------------------------------------------===
2026-09-23 16:53:50 Performing test ID LOGG-2210 (Check for running metalog daemon)
2026-09-23 16:53:50 Test: Searching for metalog daemon in process list
2026-09-23 16:53:50 IsRunning: process 'metalog' not found
2026-09-23 16:53:50 Result: metalog NOT found in process list
2026-09-23 16:53:50 ===---------------------------------------------------------------===
2026-09-23 16:53:50 Performing test ID LOGG-2230 (Check for running RSyslog daemon)
2026-09-23 16:53:50 Test: Searching for RSyslog daemon in process list
2026-09-23 16:53:50 IsRunning: process 'rsyslogd' not found
2026-09-23 16:53:50 Result: rsyslogd NOT found in process list
2026-09-23 16:53:50 ===---------------------------------------------------------------===
2026-09-23 16:53:50 Performing test ID LOGG-2240 (Check for running RFC 3195 compliant daemon)
2026-09-23 16:53:50 Test: Searching for RFC 3195 daemon (alias syslog reliable) in process list
2026-09-23 16:53:50 IsRunning: process 'rfc3195d' not found
2026-09-23 16:53:50 Result: rfc3195d NOT found in process list
2026-09-23 16:53:50 ===---------------------------------------------------------------===
2026-09-23 16:53:50 Performing test ID LOGG-2138 (Checking kernel logger daemon on Linux)
2026-09-23 16:53:50 Test: Searching kernel logger daemon (klogd)
2026-09-23 16:53:50 Result: test skipped, because other facility is being used to log kernel messages
2026-09-23 16:53:50 ===---------------------------------------------------------------===
2026-09-23 16:53:50 Performing test ID LOGG-2142 (Checking minilog daemon)
2026-09-23 16:53:50 Result: Checking for unkilled minilogd instances
2026-09-23 16:53:50 IsRunning: process 'minilogd' not found
2026-09-23 16:53:50 Result: No minilogd is running
2026-09-23 16:53:50 ===---------------------------------------------------------------===
2026-09-23 16:53:50 Performing test ID LOGG-2146 (Checking logrotate.conf and logrotate.d)
2026-09-23 16:53:50 Test: Checking for /etc/logrotate.conf
2026-09-23 16:53:50 Result: /etc/logrotate.conf NOT found
2026-09-23 16:53:50 Test: Checking for /etc/logrotate.d (directory)
2026-09-23 16:53:50 Result: /etc/logrotate.d found
2026-09-23 16:53:50 Result: logrotate configuration found
2026-09-23 16:53:50 ===---------------------------------------------------------------===
2026-09-23 16:53:50 Skipped test LOGG-2148 (Checking logrotated files)
2026-09-23 16:53:50 Reason to skip: Prerequisities not met (ie missing tool, other type of Linux distribution)
2026-09-23 16:53:50 ===---------------------------------------------------------------===
2026-09-23 16:53:50 Skipped test LOGG-2150 (Checking directories in logrotate configuration)
2026-09-23 16:53:50 Reason to skip: Prerequisities not met (ie missing tool, other type of Linux distribution)
2026-09-23 16:53:50 ===---------------------------------------------------------------===
2026-09-23 16:53:50 Skipped test LOGG-2152 (Checking loghost)
2026-09-23 16:53:50 Reason to skip: Incorrect guest OS (Solaris only)
2026-09-23 16:53:50 ===---------------------------------------------------------------===
2026-09-23 16:53:50 Performing test ID LOGG-2154 (Checking syslog configuration file)
2026-09-23 16:53:50 Result: test skipped, file /etc/syslog.conf not found
2026-09-23 16:53:50 ===---------------------------------------------------------------===
2026-09-23 16:53:50 Skipped test LOGG-2160 (Checking /etc/newsyslog.conf)
2026-09-23 16:53:50 Reason to skip: Prerequisities not met (ie missing tool, other type of Linux distribution)
2026-09-23 16:53:50 ===---------------------------------------------------------------===
2026-09-23 16:53:50 Skipped test LOGG-2162 (Checking directories in /etc/newsyslog.conf)
2026-09-23 16:53:50 Reason to skip: Prerequisities not met (ie missing tool, other type of Linux distribution)
2026-09-23 16:53:50 ===---------------------------------------------------------------===
2026-09-23 16:53:50 Skipped test LOGG-2164 (Checking files specified /etc/newsyslog.conf)
2026-09-23 16:53:50 Reason to skip: Prerequisities not met (ie missing tool, other type of Linux distribution)
2026-09-23 16:53:50 ===---------------------------------------------------------------===
2026-09-23 16:53:50 Performing test ID LOGG-2170 (Checking log paths)
2026-09-23 16:53:50 Test: Searching log paths
2026-09-23 16:53:50 Result: directory /var/log exists
2026-09-23 16:53:50 Result: directory /var/adm can't be found
2026-09-23 16:53:50 ===---------------------------------------------------------------===
2026-09-23 16:53:50 Performing test ID LOGG-2180 (Checking open log files)
2026-09-23 16:53:50 Test: checking open log files with lsof
2026-09-23 16:53:50 Result: lsof not installed, skipping test
2026-09-23 16:53:50 ===---------------------------------------------------------------===
2026-09-23 16:53:50 Skipped test LOGG-2190 (Checking for deleted files in use)
2026-09-23 16:53:50 Reason to skip: Prerequisities not met (ie missing tool, other type of Linux distribution)
2026-09-23 16:53:50 ===---------------------------------------------------------------===
2026-09-23 16:53:50 Skipped test LOGG-2192 (Checking for open log files that are empty)
2026-09-23 16:53:50 Reason to skip: Prerequisities not met (ie missing tool, other type of Linux distribution)
2026-09-23 16:53:50 Checking permissions of /usr/share/lynis/include/tests_insecure_services
2026-09-23 16:53:50 File permissions are OK
2026-09-23 16:53:50 ===---------------------------------------------------------------===
2026-09-23 16:53:50 Action: Performing tests from category: Insecure services
2026-09-23 16:53:50 ===---------------------------------------------------------------===
2026-09-23 16:53:50 Performing test ID INSE-8002 (Check for enabled inet daemon)
2026-09-23 16:53:50 Test: Searching for active inet daemon
2026-09-23 16:53:50 IsRunning: process 'inetd' not found
2026-09-23 16:53:50 Result: inetd is NOT running
2026-09-23 16:53:50 ===---------------------------------------------------------------===
2026-09-23 16:53:50 Skipped test INSE-8004 (Check for enabled inet daemon)
2026-09-23 16:53:50 Reason to skip: Prerequisities not met (ie missing tool, other type of Linux distribution)
2026-09-23 16:53:50 ===---------------------------------------------------------------===
2026-09-23 16:53:50 Skipped test INSE-8006 (Check configuration of inetd when disabled)
2026-09-23 16:53:50 Reason to skip: Prerequisities not met (ie missing tool, other type of Linux distribution)
2026-09-23 16:53:50 ===---------------------------------------------------------------===
2026-09-23 16:53:50 Skipped test INSE-8016 (Check for telnet via inetd)
2026-09-23 16:53:50 Reason to skip: Prerequisities not met (ie missing tool, other type of Linux distribution)
2026-09-23 16:53:50 ===---------------------------------------------------------------===
2026-09-23 16:53:50 Skipped test INSE-8050 (Check for insecure services on macOS)
2026-09-23 16:53:50 Reason to skip: Incorrect guest OS (macOS only)
2026-09-23 16:53:50 Checking permissions of /usr/share/lynis/include/tests_banners
2026-09-23 16:53:50 File permissions are OK
2026-09-23 16:53:50 ===---------------------------------------------------------------===
2026-09-23 16:53:50 Action: Performing tests from category: Banners and identification
2026-09-23 16:53:50 ===---------------------------------------------------------------===
2026-09-23 16:53:50 Skipped test BANN-7113 (Check COPYRIGHT banner file)
2026-09-23 16:53:50 Reason to skip: Incorrect guest OS (FreeBSD only)
2026-09-23 16:53:50 ===---------------------------------------------------------------===
2026-09-23 16:53:50 Performing test ID BANN-7124 (Check issue banner file)
2026-09-23 16:53:50 Test: Checking file /etc/issue
2026-09-23 16:53:50 ===---------------------------------------------------------------===
2026-09-23 16:53:50 Performing test ID BANN-7126 (Check issue banner file contents)
2026-09-23 16:53:50 Test: Checking file /etc/issue contents for legal key words
2026-09-23 16:53:50 Result: Found only 0 key words (5 or more suggested), to warn unauthorized users and could be increased
2026-09-23 16:53:50 Suggestion: Add a legal banner to /etc/issue, to warn unauthorized users [test:BANN-7126] [details:-] [solution:-]
2026-09-23 16:53:50 Hardening: assigned partial number of hardening points (0 of 1). Currently having 118 points (out of 213)
2026-09-23 16:53:50 ===---------------------------------------------------------------===
2026-09-23 16:53:50 Performing test ID BANN-7128 (Check issue.net banner file)
2026-09-23 16:53:50 Test: Checking file /etc/issue.net
2026-09-23 16:53:50 Result: file /etc/issue.net exists
2026-09-23 16:53:50 ===---------------------------------------------------------------===
2026-09-23 16:53:50 Performing test ID BANN-7130 (Check issue.net banner file contents)
2026-09-23 16:53:50 Test: Checking file /etc/issue.net contents for legal key words
2026-09-23 16:53:50 Result: Found only 0 key words, to warn unauthorized users and could be increased
2026-09-23 16:53:50 Suggestion: Add legal banner to /etc/issue.net, to warn unauthorized users [test:BANN-7130] [details:-] [solution:-]
2026-09-23 16:53:50 Hardening: assigned partial number of hardening points (0 of 1). Currently having 118 points (out of 214)
2026-09-23 16:53:50 Checking permissions of /usr/share/lynis/include/tests_scheduling
2026-09-23 16:53:50 File permissions are OK
2026-09-23 16:53:50 ===---------------------------------------------------------------===
2026-09-23 16:53:50 Action: Performing tests from category: Scheduled tasks
2026-09-23 16:53:50 ===---------------------------------------------------------------===
2026-09-23 16:53:50 Performing test ID SCHD-7702 (Check status of cron daemon)
2026-09-23 16:53:50 Result: no cron daemon found
2026-09-23 16:53:50 Hardening: assigned maximum number of hardening points for this item (3). Currently having 121 points (out of 217)
2026-09-23 16:53:50 ===---------------------------------------------------------------===
2026-09-23 16:53:50 Performing test ID SCHD-7704 (Check crontab/cronjobs)
2026-09-23 16:53:50 Test: checking directory /etc/cron.d
2026-09-23 16:53:50 Test: check if we can access /etc/cron.d (escaped: /etc/cron.d)
2026-09-23 16:53:50 Result: file is owned by our current user ID (0), checking if it is readable
2026-09-23 16:53:50 Result: file /etc/cron.d is readable (or directory accessible).
2026-09-23 16:53:50 Result: found directory /etc/cron.d
2026-09-23 16:53:50 Test: searching files in /etc/cron.d
2026-09-23 16:53:50 Result: found one or more files in /etc/cron.d. Analyzing files..
2026-09-23 16:53:50 Result: Found cronjob (/etc/cron.d/e2scrub_all): 10,3,*,*,*,root,test,-e,/run/systemd/system,||,SERVICE_MODE=1,/sbin/e2scrub_all,-A,-r
2026-09-23 16:53:50 Result: Found cronjob (/etc/cron.d/e2scrub_all): 30,3,*,*,0,root,test,-e,/run/systemd/system,||,SERVICE_MODE=1,/usr/lib/x86_64-linux-gnu/e2fsprogs/e2scrub_all_cron
2026-09-23 16:53:50 Result: done with analyzing files in /etc/cron.d
2026-09-23 16:53:50 Test: checking directory /etc/cron.hourly
2026-09-23 16:53:50 Result: directory /etc/cron.hourly does not exist
2026-09-23 16:53:50 Test: checking directory /etc/cron.daily
2026-09-23 16:53:50 Result: found directory /etc/cron.daily
2026-09-23 16:53:50 Test: check if we can access /etc/cron.daily (escaped: /etc/cron.daily)
2026-09-23 16:53:50 Result: file is owned by our current user ID (0), checking if it is readable
2026-09-23 16:53:50 Result: file /etc/cron.daily is readable (or directory accessible).
2026-09-23 16:53:50 Test: searching files in /etc/cron.daily
2026-09-23 16:53:50 Result: found one or more files in /etc/cron.daily. Analyzing files..
2026-09-23 16:53:50 Result: Found cronjob (/etc/cron.daily): /etc/cron.daily/dpkg
2026-09-23 16:53:50 Result: Found cronjob (/etc/cron.daily): /etc/cron.daily/apt-compat
2026-09-23 16:53:50 Result: Found cronjob (/etc/cron.daily): /etc/cron.daily/apt-show-versions
2026-09-23 16:53:50 Result: Found cronjob (/etc/cron.daily): /etc/cron.daily/aide
2026-09-23 16:53:50 Result: done with analyzing files in /etc/cron.daily
2026-09-23 16:53:50 Test: checking directory /etc/cron.weekly
2026-09-23 16:53:50 Result: directory /etc/cron.weekly does not exist
2026-09-23 16:53:50 Test: checking directory /etc/cron.monthly
2026-09-23 16:53:50 Result: directory /etc/cron.monthly does not exist
2026-09-23 16:53:50 ===---------------------------------------------------------------===
2026-09-23 16:53:50 Performing test ID SCHD-7718 (Check at users)
2026-09-23 16:53:50 Test: Checking atd status
2026-09-23 16:53:50 Result: at daemon not active
2026-09-23 16:53:50 ===---------------------------------------------------------------===
2026-09-23 16:53:50 Skipped test SCHD-7720 (Check at users)
2026-09-23 16:53:50 Reason to skip: Prerequisities not met (ie missing tool, other type of Linux distribution)
2026-09-23 16:53:50 ===---------------------------------------------------------------===
2026-09-23 16:53:50 Skipped test SCHD-7724 (Check at jobs)
2026-09-23 16:53:50 Reason to skip: Prerequisities not met (ie missing tool, other type of Linux distribution)
2026-09-23 16:53:50 Checking permissions of /usr/share/lynis/include/tests_accounting
2026-09-23 16:53:50 File permissions are OK
2026-09-23 16:53:50 ===---------------------------------------------------------------===
2026-09-23 16:53:50 Action: Performing tests from category: Accounting
2026-09-23 16:53:50 ===---------------------------------------------------------------===
2026-09-23 16:53:50 Skipped test ACCT-2754 (Check for available FreeBSD accounting information)
2026-09-23 16:53:50 Reason to skip: Incorrect guest OS (FreeBSD only)
2026-09-23 16:53:50 ===---------------------------------------------------------------===
2026-09-23 16:53:50 Skipped test ACCT-2760 (Check for available OpenBSD accounting information)
2026-09-23 16:53:50 Reason to skip: Incorrect guest OS (OpenBSD only)
2026-09-23 16:53:50 ===---------------------------------------------------------------===
2026-09-23 16:53:50 Performing test ID ACCT-9622 (Check for available Linux accounting information)
2026-09-23 16:53:50 Test: Check accounting information
2026-09-23 16:53:50 Result: No accounting information available (/var/account/pacct, /var/log/account/pact nor /var/log/pact exist)
2026-09-23 16:53:50 Remark: Possibly there is another location where the accounting data is stored
2026-09-23 16:53:50 Suggestion: Enable process accounting [test:ACCT-9622] [details:-] [solution:-]
2026-09-23 16:53:50 Hardening: assigned partial number of hardening points (2 of 3). Currently having 123 points (out of 220)
2026-09-23 16:53:50 ===---------------------------------------------------------------===
2026-09-23 16:53:50 Performing test ID ACCT-9626 (Check for sysstat accounting data)
2026-09-23 16:53:50 Test: check /etc/default/sysstat presence
2026-09-23 16:53:50 Result: sysstat not found via /etc/default/sysstat or /etc/cron.d/sysstat
2026-09-23 16:53:50 Suggestion: Enable sysstat to collect accounting (no results) [test:ACCT-9626] [details:-] [solution:-]
2026-09-23 16:53:50 ===---------------------------------------------------------------===
2026-09-23 16:53:50 Performing test ID ACCT-9628 (Check for auditd)
2026-09-23 16:53:50 Test: Check auditd status
2026-09-23 16:53:50 IsRunning: process 'auditd' not found
2026-09-23 16:53:50 Result: auditd not active
2026-09-23 16:53:50 Suggestion: Enable auditd to collect audit information [test:ACCT-9628] [details:-] [solution:-]
2026-09-23 16:53:50 Hardening: assigned partial number of hardening points (0 of 1). Currently having 123 points (out of 221)
2026-09-23 16:53:50 ===---------------------------------------------------------------===
2026-09-23 16:53:50 Skipped test ACCT-9630 (Check for auditd rules)
2026-09-23 16:53:50 Reason to skip: Prerequisities not met (ie missing tool, other type of Linux distribution)
2026-09-23 16:53:50 ===---------------------------------------------------------------===
2026-09-23 16:53:50 Skipped test ACCT-9632 (Check for auditd configuration file)
2026-09-23 16:53:50 Reason to skip: Prerequisities not met (ie missing tool, other type of Linux distribution)
2026-09-23 16:53:50 ===---------------------------------------------------------------===
2026-09-23 16:53:50 Skipped test ACCT-9634 (Check for auditd log file)
2026-09-23 16:53:50 Reason to skip: Prerequisities not met (ie missing tool, other type of Linux distribution)
2026-09-23 16:53:50 ===---------------------------------------------------------------===
2026-09-23 16:53:50 Performing test ID ACCT-9636 (Check for Snoopy wrapper and logger)
2026-09-23 16:53:50 ===---------------------------------------------------------------===
2026-09-23 16:53:50 Skipped test ACCT-9650 (Check Solaris audit daemon)
2026-09-23 16:53:50 Reason to skip: Incorrect guest OS (Solaris only)
2026-09-23 16:53:50 ===---------------------------------------------------------------===
2026-09-23 16:53:50 Skipped test ACCT-9652 (Check auditd SMF status)
2026-09-23 16:53:50 Reason to skip: Incorrect guest OS (Solaris only)
2026-09-23 16:53:50 ===---------------------------------------------------------------===
2026-09-23 16:53:50 Skipped test ACCT-9654 (Check BSM auditing in /etc/system)
2026-09-23 16:53:50 Reason to skip: Incorrect guest OS (Solaris only)
2026-09-23 16:53:50 ===---------------------------------------------------------------===
2026-09-23 16:53:50 Skipped test ACCT-9656 (Check BSM auditing in module list)
2026-09-23 16:53:50 Reason to skip: Incorrect guest OS (Solaris only)
2026-09-23 16:53:50 ===---------------------------------------------------------------===
2026-09-23 16:53:50 Skipped test ACCT-9660 (Check location of audit events)
2026-09-23 16:53:50 Reason to skip: Incorrect guest OS (Solaris only)
2026-09-23 16:53:50 ===---------------------------------------------------------------===
2026-09-23 16:53:50 Skipped test ACCT-9662 (Check Solaris auditing stats)
2026-09-23 16:53:50 Reason to skip: Incorrect guest OS (Solaris only)
2026-09-23 16:53:50 Checking permissions of /usr/share/lynis/include/tests_time
2026-09-23 16:53:50 File permissions are OK
2026-09-23 16:53:50 ===---------------------------------------------------------------===
2026-09-23 16:53:50 Action: Performing tests from category: Time and Synchronization
2026-09-23 16:53:50 ===---------------------------------------------------------------===
2026-09-23 16:53:50 Performing test ID TIME-3104 (Check for running NTP daemon or client)
2026-09-23 16:53:50 Test: Searching for a running NTP daemon or available client
2026-09-23 16:53:50 Result: no chrony configuration found
2026-09-23 16:53:50 IsRunning: process 'dntpd' not found
2026-09-23 16:53:50 IsRunning: process 'timed' not found
2026-09-23 16:53:51 Result: crontab file /etc/anacrontab not found
2026-09-23 16:53:51 Result: crontab file /etc/crontab not found
2026-09-23 16:53:51 Test: check if we can access /etc/cron.d (escaped: /etc/cron.d)
2026-09-23 16:53:51 Result: file is owned by our current user ID (0), checking if it is readable
2026-09-23 16:53:51 Result: file /etc/cron.d is readable (or directory accessible).
2026-09-23 16:53:51 Test: checking for ntpdate or rdate in /etc/cron.d/e2scrub_all
2026-09-23 16:53:51 Test: check if we can access /etc/cron.daily (escaped: /etc/cron.daily)
2026-09-23 16:53:51 Result: file is owned by our current user ID (0), checking if it is readable
2026-09-23 16:53:51 Result: file /etc/cron.daily is readable (or directory accessible).
2026-09-23 16:53:51 Test: checking for ntpdate or rdate in /etc/cron.daily/aide
2026-09-23 16:53:51 Test: checking for ntpdate or rdate in /etc/cron.daily/apt-compat
2026-09-23 16:53:51 Test: checking for ntpdate or rdate in /etc/cron.daily/apt-show-versions
2026-09-23 16:53:51 Test: checking for ntpdate or rdate in /etc/cron.daily/dpkg
2026-09-23 16:53:51 Result: no ntpdate or rdate found in cron directories
2026-09-23 16:53:51 Test: checking for file /etc/network/if-up.d/ntpdate
2026-09-23 16:53:51 Result: file /etc/network/if-up.d/ntpdate does not exist
2026-09-23 16:53:51 Result: Found a time syncing daemon/client.
2026-09-23 16:53:51 Hardening: assigned maximum number of hardening points for this item (3). Currently having 126 points (out of 224)
2026-09-23 16:53:51 ===---------------------------------------------------------------===
2026-09-23 16:53:51 Performing test ID TIME-3106 (Check systemd NTP time synchronization status)
2026-09-23 16:53:51 Test: Check the status of time synchronization via timedatectl
2026-09-23 16:53:51 ===---------------------------------------------------------------===
2026-09-23 16:53:51 Skipped test TIME-3112 (Check active NTP associations ID's)
2026-09-23 16:53:51 Reason to skip: Prerequisities not met (ie missing tool, other type of Linux distribution)
2026-09-23 16:53:51 ===---------------------------------------------------------------===
2026-09-23 16:53:51 Skipped test TIME-3116 (Check peers with stratum value of 16)
2026-09-23 16:53:51 Reason to skip: Prerequisities not met (ie missing tool, other type of Linux distribution)
2026-09-23 16:53:51 ===---------------------------------------------------------------===
2026-09-23 16:53:51 Skipped test TIME-3120 (Check unreliable NTP peers)
2026-09-23 16:53:51 Reason to skip: Prerequisities not met (ie missing tool, other type of Linux distribution)
2026-09-23 16:53:51 ===---------------------------------------------------------------===
2026-09-23 16:53:51 Skipped test TIME-3124 (Check selected time source)
2026-09-23 16:53:51 Reason to skip: Prerequisities not met (ie missing tool, other type of Linux distribution)
2026-09-23 16:53:51 ===---------------------------------------------------------------===
2026-09-23 16:53:51 Skipped test TIME-3128 (Check preferred time source)
2026-09-23 16:53:51 Reason to skip: Prerequisities not met (ie missing tool, other type of Linux distribution)
2026-09-23 16:53:51 ===---------------------------------------------------------------===
2026-09-23 16:53:51 Skipped test TIME-3132 (Check NTP falsetickers)
2026-09-23 16:53:51 Reason to skip: Prerequisities not met (ie missing tool, other type of Linux distribution)
2026-09-23 16:53:51 ===---------------------------------------------------------------===
2026-09-23 16:53:51 Skipped test TIME-3136 (Check NTP protocol version)
2026-09-23 16:53:51 Reason to skip: Prerequisities not met (ie missing tool, other type of Linux distribution)
2026-09-23 16:53:51 ===---------------------------------------------------------------===
2026-09-23 16:53:51 Performing test ID TIME-3148 (Check TZ variable)
2026-09-23 16:53:51 Test: testing for TZ variable
2026-09-23 16:53:51 Result: found TZ variable with value notset
2026-09-23 16:53:51 ===---------------------------------------------------------------===
2026-09-23 16:53:51 Skipped test TIME-3160 (Check empty NTP step-tickers)
2026-09-23 16:53:51 Reason to skip: Prerequisities not met (ie missing tool, other type of Linux distribution)
2026-09-23 16:53:51 ===---------------------------------------------------------------===
2026-09-23 16:53:51 Performing test ID TIME-3170 (Check configuration files)
2026-09-23 16:53:51 Checking permissions of /usr/share/lynis/include/tests_crypto
2026-09-23 16:53:51 File permissions are OK
2026-09-23 16:53:51 ===---------------------------------------------------------------===
2026-09-23 16:53:51 Action: Performing tests from category: Cryptography
2026-09-23 16:53:51 ===---------------------------------------------------------------===
2026-09-23 16:53:51 Performing test ID CRYP-7902 (Check expire date of SSL certificates)
2026-09-23 16:53:51 Paths to scan: /etc/apache2 /etc/dovecot /etc/httpd /etc/letsencrypt /etc/pki /etc/postfix /etc/ssl /opt/psa/var/certificates /srv/www /usr/local/psa/var/certificates /usr/local/share/ca-certificates /var/www 
2026-09-23 16:53:51 Result: SSL path /etc/apache2 does not exist
2026-09-23 16:53:51 Result: SSL path /etc/dovecot does not exist
2026-09-23 16:53:51 Result: SSL path /etc/httpd does not exist
2026-09-23 16:53:51 Result: SSL path /etc/letsencrypt does not exist
2026-09-23 16:53:51 Result: SSL path /etc/pki does not exist
2026-09-23 16:53:51 Test: check if we can access /etc/postfix (escaped: /etc/postfix)
2026-09-23 16:53:51 Result: file is owned by our current user ID (0), checking if it is readable
2026-09-23 16:53:51 Result: file /etc/postfix is readable (or directory accessible).
2026-09-23 16:53:51 Result: found directory /etc/postfix
2026-09-23 16:53:51 Result: found 0 certificates in /etc/postfix
2026-09-23 16:53:51 Test: check if we can access /etc/ssl (escaped: /etc/ssl)
2026-09-23 16:53:51 Result: file is owned by our current user ID (0), checking if it is readable
2026-09-23 16:53:51 Result: file /etc/ssl is readable (or directory accessible).
2026-09-23 16:53:51 Result: found directory /etc/ssl
2026-09-23 16:53:51 Test: check if we can access /etc/ssl/certs/ca-certificates.crt (escaped: /etc/ssl/certs/ca-certificates.crt)
2026-09-23 16:53:51 Result: file is owned by our current user ID (0), checking if it is readable
2026-09-23 16:53:51 Result: file /etc/ssl/certs/ca-certificates.crt is readable (or directory accessible).
2026-09-23 16:53:51 Result: file '/etc/ssl/certs/ca-certificates.crt' does most likely not belong to a package
2026-09-23 16:53:51 Test: checking file and determining if it is certificate /etc/ssl/certs/ca-certificates.crt
2026-09-23 16:53:51 Result: certificate /etc/ssl/certs/ca-certificates.crt seems to be correct and still valid
2026-09-23 16:53:51 Test: check if we can access /etc/ssl/certs/ssl-cert-snakeoil.pem (escaped: /etc/ssl/certs/ssl-cert-snakeoil.pem)
2026-09-23 16:53:51 Result: file is owned by our current user ID (0), checking if it is readable
2026-09-23 16:53:51 Result: file /etc/ssl/certs/ssl-cert-snakeoil.pem is readable (or directory accessible).
2026-09-23 16:53:51 Result: file '/etc/ssl/certs/ssl-cert-snakeoil.pem' does most likely not belong to a package
2026-09-23 16:53:51 Test: checking file and determining if it is certificate /etc/ssl/certs/ssl-cert-snakeoil.pem
2026-09-23 16:53:51 Result: certificate /etc/ssl/certs/ssl-cert-snakeoil.pem seems to be correct and still valid
2026-09-23 16:53:51 Result: found 2 certificates in /etc/ssl
2026-09-23 16:53:51 Result: SSL path /opt/psa/var/certificates does not exist
2026-09-23 16:53:51 Result: SSL path /srv/www does not exist
2026-09-23 16:53:51 Result: SSL path /usr/local/psa/var/certificates does not exist
2026-09-23 16:53:51 Test: check if we can access /usr/local/share/ca-certificates (escaped: /usr/local/share/ca-certificates)
2026-09-23 16:53:51 Result: file is owned by our current user ID (0), checking if it is readable
2026-09-23 16:53:51 Result: file /usr/local/share/ca-certificates is readable (or directory accessible).
2026-09-23 16:53:51 Result: found directory /usr/local/share/ca-certificates
2026-09-23 16:53:51 Result: found 0 certificates in /usr/local/share/ca-certificates
2026-09-23 16:53:51 Test: check if we can access /var/www (escaped: /var/www)
2026-09-23 16:53:51 Result: file is owned by our current user ID (0), checking if it is readable
2026-09-23 16:53:51 Result: file /var/www is readable (or directory accessible).
2026-09-23 16:53:51 Result: found directory /var/www
2026-09-23 16:53:51 Result: found 0 certificates in /var/www
2026-09-23 16:53:51 Result: found a total of 2 certificates
2026-09-23 16:53:51 Checking permissions of /usr/share/lynis/include/tests_virtualization
2026-09-23 16:53:51 File permissions are OK
2026-09-23 16:53:51 ===---------------------------------------------------------------===
2026-09-23 16:53:51 Action: Performing tests from category: Virtualization
2026-09-23 16:53:51 Checking permissions of /usr/share/lynis/include/tests_containers
2026-09-23 16:53:51 File permissions are OK
2026-09-23 16:53:51 ===---------------------------------------------------------------===
2026-09-23 16:53:51 Action: Performing tests from category: Containers
2026-09-23 16:53:51 ===---------------------------------------------------------------===
2026-09-23 16:53:51 Skipped test CONT-8004 (Query running Solaris zones)
2026-09-23 16:53:51 Reason to skip: Incorrect guest OS (Solaris only)
2026-09-23 16:53:51 ===---------------------------------------------------------------===
2026-09-23 16:53:51 Performing test ID CONT-8102 (Checking Docker status and information)
2026-09-23 16:53:51 IsRunning: process 'dockerd' not found
2026-09-23 16:53:51 ===---------------------------------------------------------------===
2026-09-23 16:53:51 Skipped test CONT-8104 (Checking Docker info for any warnings)
2026-09-23 16:53:51 Reason to skip: Prerequisities not met (ie missing tool, other type of Linux distribution)
2026-09-23 16:53:51 ===---------------------------------------------------------------===
2026-09-23 16:53:51 Skipped test CONT-8106 (Gather basic stats from Docker)
2026-09-23 16:53:51 Reason to skip: Prerequisities not met (ie missing tool, other type of Linux distribution)
2026-09-23 16:53:51 ===---------------------------------------------------------------===
2026-09-23 16:53:51 Skipped test CONT-8107 (Check number of Docker containers)
2026-09-23 16:53:51 Reason to skip: Prerequisities not met (ie missing tool, other type of Linux distribution)
2026-09-23 16:53:51 ===---------------------------------------------------------------===
2026-09-23 16:53:51 Skipped test CONT-8108 (Check file permissions for Docker files)
2026-09-23 16:53:51 Reason to skip: Prerequisities not met (ie missing tool, other type of Linux distribution)
2026-09-23 16:53:51 Checking permissions of /usr/share/lynis/include/tests_mac_frameworks
2026-09-23 16:53:51 File permissions are OK
2026-09-23 16:53:51 ===---------------------------------------------------------------===
2026-09-23 16:53:51 Action: Performing tests from category: Security frameworks
2026-09-23 16:53:51 ===---------------------------------------------------------------===
2026-09-23 16:53:51 Performing test ID MACF-6204 (Check AppArmor presence)
2026-09-23 16:53:51 Result: aa-status binary found, AppArmor is installed
2026-09-23 16:53:51 ===---------------------------------------------------------------===
2026-09-23 16:53:51 Performing test ID MACF-6208 (Check if AppArmor is enabled)
2026-09-23 16:53:51 Result: file /sys/kernel/security/apparmor/profiles is available and readable
2026-09-23 16:53:51 Result: AppArmor is enabled and a policy is loaded
2026-09-23 16:53:51 Hardening: assigned maximum number of hardening points for this item (3). Currently having 129 points (out of 227)
2026-09-23 16:53:51 ===---------------------------------------------------------------===
2026-09-23 16:53:51 Performing test ID MACF-6232 (Check SELINUX presence)
2026-09-23 16:53:51 Test: checking if we have sestatus binary
2026-09-23 16:53:51 Result: sestatus binary NOT found
2026-09-23 16:53:51 ===---------------------------------------------------------------===
2026-09-23 16:53:51 Skipped test MACF-6234 (Check SELINUX status)
2026-09-23 16:53:51 Reason to skip: Prerequisities not met (ie missing tool, other type of Linux distribution)
2026-09-23 16:53:51 ===---------------------------------------------------------------===
2026-09-23 16:53:51 Performing test ID RBAC-6272 (Check grsecurity presence)
2026-09-23 16:53:51 ===---------------------------------------------------------------===
2026-09-23 16:53:51 Performing test ID MACF-6290 (Check for implemented MAC framework)
2026-09-23 16:53:51 Hardening: assigned maximum number of hardening points for this item (3). Currently having 132 points (out of 230)
2026-09-23 16:53:51 Result: found implemented MAC framework
2026-09-23 16:53:51 Checking permissions of /usr/share/lynis/include/tests_file_integrity
2026-09-23 16:53:51 File permissions are OK
2026-09-23 16:53:51 ===---------------------------------------------------------------===
2026-09-23 16:53:51 Action: Performing tests from category: Software: file integrity
2026-09-23 16:53:51 ===---------------------------------------------------------------===
2026-09-23 16:53:51 Performing test ID FINT-4310 (AFICK availability)
2026-09-23 16:53:51 Test: Checking AFICK binary
2026-09-23 16:53:51 Result: AFICK is not installed
2026-09-23 16:53:51 ===---------------------------------------------------------------===
2026-09-23 16:53:51 Performing test ID FINT-4314 (AIDE availability)
2026-09-23 16:53:51 Test: Checking AIDE binary
2026-09-23 16:53:51 Result: AIDE is installed (/usr/bin/aide)
2026-09-23 16:53:51 ===---------------------------------------------------------------===
2026-09-23 16:53:51 Performing test ID FINT-4315 (Check AIDE configuration file)
2026-09-23 16:53:51 Test: search for aide.conf in /etc /etc/aide /usr/local/etc
2026-09-23 16:53:51 Result: found aide.conf in directory /etc/aide
2026-09-23 16:53:51 Checking configuration file /etc/aide/aide.conf for errors
2026-09-23 16:53:51 ===---------------------------------------------------------------===
2026-09-23 16:53:51 Performing test ID FINT-4318 (Osiris availability)
2026-09-23 16:53:51 Test: Checking Osiris binary
2026-09-23 16:53:51 Result: Osiris is not installed
2026-09-23 16:53:51 ===---------------------------------------------------------------===
2026-09-23 16:53:51 Performing test ID FINT-4322 (Samhain availability)
2026-09-23 16:53:51 Test: Checking Samhain binary
2026-09-23 16:53:51 Result: Samhain is not installed
2026-09-23 16:53:51 ===---------------------------------------------------------------===
2026-09-23 16:53:51 Performing test ID FINT-4326 (Tripwire availability)
2026-09-23 16:53:51 Test: Checking Tripwire binary
2026-09-23 16:53:51 Result: Tripwire is not installed
2026-09-23 16:53:51 ===---------------------------------------------------------------===
2026-09-23 16:53:51 Performing test ID FINT-4328 (OSSEC syscheck daemon running)
2026-09-23 16:53:51 Test: Checking if OSSEC syscheck daemon is running
2026-09-23 16:53:51 IsRunning: process 'ossec-syscheckd' not found
2026-09-23 16:53:51 Result: syscheck (OSSEC) not installed
2026-09-23 16:53:51 ===---------------------------------------------------------------===
2026-09-23 16:53:51 Performing test ID FINT-4330 (mtree availability)
2026-09-23 16:53:51 Test: Checking mtree binary
2026-09-23 16:53:51 Result: mtree is not installed
2026-09-23 16:53:51 ===---------------------------------------------------------------===
2026-09-23 16:53:51 Skipped test FINT-4334 (Check lfd daemon status)
2026-09-23 16:53:51 Reason to skip: Prerequisities not met (ie missing tool, other type of Linux distribution)
2026-09-23 16:53:51 ===---------------------------------------------------------------===
2026-09-23 16:53:51 Skipped test FINT-4336 (Check lfd configuration status)
2026-09-23 16:53:51 Reason to skip: Prerequisities not met (ie missing tool, other type of Linux distribution)
2026-09-23 16:53:51 ===---------------------------------------------------------------===
2026-09-23 16:53:51 Performing test ID FINT-4338 (osqueryd syscheck daemon running)
2026-09-23 16:53:51 Test: Checking if osqueryd syscheck daemon is running
2026-09-23 16:53:51 IsRunning: process 'osqueryd' not found
2026-09-23 16:53:51 Result: syscheck (osquery) not installed
2026-09-23 16:53:51 ===---------------------------------------------------------------===
2026-09-23 16:53:51 Performing test ID FINT-4402 (AIDE configuration: Checksums (SHA256 or SHA512))
2026-09-23 16:53:51 Result: Found SHA256 or SHA512 found for creating checksums
2026-09-23 16:53:51 Hardening: assigned maximum number of hardening points for this item (2). Currently having 134 points (out of 232)
2026-09-23 16:53:51 ===---------------------------------------------------------------===
2026-09-23 16:53:51 Performing test ID FINT-4350 (File integrity software installed)
2026-09-23 16:53:51 Test: Check if at least on file integrity tool is available/installed
2026-09-23 16:53:51 Result: found at least one file integrity tool
2026-09-23 16:53:51 Hardening: assigned maximum number of hardening points for this item (5). Currently having 139 points (out of 237)
2026-09-23 16:53:51 Checking permissions of /usr/share/lynis/include/tests_tooling
2026-09-23 16:53:51 File permissions are OK
2026-09-23 16:53:51 ===---------------------------------------------------------------===
2026-09-23 16:53:51 Action: Performing tests from category: Software: System tooling
2026-09-23 16:53:51 ===---------------------------------------------------------------===
2026-09-23 16:53:51 Performing test ID TOOL-5002 (Checking for automation tools)
2026-09-23 16:53:51 Test: checking if directory ~/.ansible exists
2026-09-23 16:53:51 Result: directory ~/.ansible NOT found
2026-09-23 16:53:51 Test: checking if directory /etc/ansible exists
2026-09-23 16:53:51 Result: directory /etc/ansible NOT found
2026-09-23 16:53:51 Test: checking if directory /root/.ansible exists
2026-09-23 16:53:51 Result: directory /root/.ansible NOT found
2026-09-23 16:53:51 Test: checking if directory /tmp/.ansible exists
2026-09-23 16:53:51 Result: directory /tmp/.ansible NOT found
2026-09-23 16:53:51 Test: checking if file /var/log/ansible.log exists
2026-09-23 16:53:51 Result: file /var/log/ansible.log NOT found
2026-09-23 16:53:51 Test: checking if file ~/.ansible-retry exists
2026-09-23 16:53:51 Result: file ~/.ansible-retry NOT found
2026-09-23 16:53:51 IsRunning: process 'puppet master' not found
2026-09-23 16:53:51 IsRunning: process 'salt-master' not found
2026-09-23 16:53:51 Suggestion: Determine if automation tools are present for system management [test:TOOL-5002] [details:-] [solution:-]
2026-09-23 16:53:51 ===---------------------------------------------------------------===
2026-09-23 16:53:51 Performing test ID TOOL-5102 (Check for presence of Fail2ban)
2026-09-23 16:53:51 Result: Fail2ban not present (fail2ban-server not found)
2026-09-23 16:53:51 Checking Fail2ban configuration file
2026-09-23 16:53:51 ===---------------------------------------------------------------===
2026-09-23 16:53:51 Skipped test TOOL-5104 (Enabled tests in Fail2ban)
2026-09-23 16:53:51 Reason to skip: Prerequisities not met (ie missing tool, other type of Linux distribution)
2026-09-23 16:53:51 ===---------------------------------------------------------------===
2026-09-23 16:53:51 Performing test ID TOOL-5120 (Check for presence of Snort)
2026-09-23 16:53:51 IsRunning: process 'snort' not found
2026-09-23 16:53:51 Result: Snort not present (Snort not running)
2026-09-23 16:53:51 ===---------------------------------------------------------------===
2026-09-23 16:53:51 Performing test ID TOOL-5122 (Check Snort configuration file)
2026-09-23 16:53:51 ===---------------------------------------------------------------===
2026-09-23 16:53:51 Performing test ID TOOL-5190 (Check presence of IDS/IPS tool)
2026-09-23 16:53:51 Hardening: assigned partial number of hardening points (0 of 2). Currently having 139 points (out of 239)
2026-09-23 16:53:51 Checking permissions of /usr/share/lynis/include/tests_malware
2026-09-23 16:53:51 File permissions are OK
2026-09-23 16:53:51 ===---------------------------------------------------------------===
2026-09-23 16:53:51 Action: Performing tests from category: Software: Malware
2026-09-23 16:53:51 ===---------------------------------------------------------------===
2026-09-23 16:53:51 Performing test ID MALW-3275 (Check for chkrootkit)
2026-09-23 16:53:51 Test: checking presence chkrootkit
2026-09-23 16:53:51 Result: chkrootkit not found
2026-09-23 16:53:51 ===---------------------------------------------------------------===
2026-09-23 16:53:51 Performing test ID MALW-3276 (Check for Rootkit Hunter)
2026-09-23 16:53:51 Test: checking presence Rootkit Hunter
2026-09-23 16:53:51 Result: Rootkit Hunter not found
2026-09-23 16:53:51 ===---------------------------------------------------------------===
2026-09-23 16:53:51 Performing test ID MALW-3278 (Check for LMD)
2026-09-23 16:53:51 Test: checking presence LMD
2026-09-23 16:53:51 Result: LMD not found
2026-09-23 16:53:51 ===---------------------------------------------------------------===
2026-09-23 16:53:51 Performing test ID MALW-3280 (Check if anti-virus tool is installed)
2026-09-23 16:53:51 Test: checking process esets_daemon
2026-09-23 16:53:51 IsRunning: process 'esets_daemon' not found
2026-09-23 16:53:51 Test: checking process epagd
2026-09-23 16:53:51 IsRunning: process 'epagd' not found
2026-09-23 16:53:51 Test: checking process com.avast.daemon
2026-09-23 16:53:51 IsRunning: process 'com.avast.daemon' not found
2026-09-23 16:53:51 Test: checking process Avira daemon
2026-09-23 16:53:51 IsRunning: process 'avqmd' not found
2026-09-23 16:53:51 Test: checking process CylanceSvc
2026-09-23 16:53:51 IsRunning: process 'CylanceSvc' not found
2026-09-23 16:53:51 Test: checking process cma or cmdagent (McAfee)
2026-09-23 16:53:51 IsRunning: process 'cmdagent' not found
2026-09-23 16:53:51 Test: checking process savscand
2026-09-23 16:53:51 IsRunning: process 'savscand' not found
2026-09-23 16:53:51 Test: checking process SophosScanD
2026-09-23 16:53:51 IsRunning: process 'SophosScanD' not found
2026-09-23 16:53:51 Test: checking process rtvscand
2026-09-23 16:53:51 IsRunning: process 'rtvscand' not found
2026-09-23 16:53:51 Test: checking process Symantec management client service
2026-09-23 16:53:51 IsRunning: process 'smcd' not found
2026-09-23 16:53:51 Test: checking process Symantec Endpoint Protection configuration service
2026-09-23 16:53:51 IsRunning: process 'symcfgd' not found
2026-09-23 16:53:51 Test: checking process TmccMac to test for Trend Micro anti-virus (macOS)
2026-09-23 16:53:51 IsRunning: process 'TmccMac' not found
2026-09-23 16:53:51 Result: no commercial anti-virus tools found
2026-09-23 16:53:51 Hardening: assigned partial number of hardening points (0 of 3). Currently having 139 points (out of 242)
2026-09-23 16:53:51 ===---------------------------------------------------------------===
2026-09-23 16:53:51 Performing test ID MALW-3282 (Check for clamscan)
2026-09-23 16:53:51 Test: checking presence clamscan
2026-09-23 16:53:51 Result: clamscan couldn't be found
2026-09-23 16:53:51 ===---------------------------------------------------------------===
2026-09-23 16:53:51 Performing test ID MALW-3284 (Check for clamd)
2026-09-23 16:53:51 Test: checking running ClamAV daemon (clamd)
2026-09-23 16:53:51 IsRunning: process 'clamd' not found
2026-09-23 16:53:51 Result: clamd not running
2026-09-23 16:53:51 ===---------------------------------------------------------------===
2026-09-23 16:53:51 Skipped test MALW-3286 (Check for freshclam)
2026-09-23 16:53:51 Reason to skip: Prerequisities not met (ie missing tool, other type of Linux distribution)
2026-09-23 16:53:51 ===---------------------------------------------------------------===
2026-09-23 16:53:51 Skipped test MALW-3288 (Check for ClamXav)
2026-09-23 16:53:51 Reason to skip: Prerequisities not met (ie missing tool, other type of Linux distribution)
2026-09-23 16:53:51 Checking permissions of /usr/share/lynis/include/tests_file_permissions
2026-09-23 16:53:51 File permissions are OK
2026-09-23 16:53:51 ===---------------------------------------------------------------===
2026-09-23 16:53:51 Action: Performing tests from category: File Permissions
2026-09-23 16:53:51 ===---------------------------------------------------------------===
2026-09-23 16:53:51 Performing test ID FILE-7524 (Perform file permissions check)
2026-09-23 16:53:51 Test: Checking file permissions
2026-09-23 16:53:51 Using profile /etc/lynis/default.prf for baseline.
2026-09-23 16:53:51 Checking /etc/lilo.conf
2026-09-23 16:53:51   Expected permissions: 
2026-09-23 16:53:51   Actual permissions: 
2026-09-23 16:53:51   Result: FILE_NOT_FOUND
2026-09-23 16:53:51 Checking /root/.ssh
2026-09-23 16:53:51   Expected permissions: 
2026-09-23 16:53:51   Actual permissions: 
2026-09-23 16:53:51   Result: FILE_NOT_FOUND
2026-09-23 16:53:51 Checking permissions of /usr/share/lynis/include/tests_homedirs
2026-09-23 16:53:51 File permissions are OK
2026-09-23 16:53:51 ===---------------------------------------------------------------===
2026-09-23 16:53:51 Action: Performing tests from category: Home directories
2026-09-23 16:53:51 ===---------------------------------------------------------------===
2026-09-23 16:53:51 Performing test ID HOME-9302 (Create list with home directories)
2026-09-23 16:53:51 Test: query /etc/passwd to obtain home directories
2026-09-23 16:53:51 Result: found home directory: / (directory exists)
2026-09-23 16:53:51 Result: found home directory: /bin (directory exists)
2026-09-23 16:53:51 Result: found home directory: /dev (directory exists)
2026-09-23 16:53:51 Result: found home directory: /home/insecureuser (directory exists)
2026-09-23 16:53:51 Result: found home directory: /nonexistent (directory does not exist)
2026-09-23 16:53:51 Result: found home directory: /root (directory exists)
2026-09-23 16:53:51 Result: found home directory: /run/sshd (directory exists)
2026-09-23 16:53:51 Result: found home directory: /run/systemd (directory exists)
2026-09-23 16:53:51 Result: found home directory: /usr/games (directory exists)
2026-09-23 16:53:51 Result: found home directory: /usr/sbin (directory exists)
2026-09-23 16:53:51 Result: found home directory: /var/backups (directory exists)
2026-09-23 16:53:51 Result: found home directory: /var/cache/man (directory does not exist)
2026-09-23 16:53:51 Result: found home directory: /var/lib/gnats (directory does not exist)
2026-09-23 16:53:51 Result: found home directory: /var/list (directory does not exist)
2026-09-23 16:53:51 Result: found home directory: /var/mail (directory exists)
2026-09-23 16:53:51 Result: found home directory: /var/run/ircd (directory does not exist)
2026-09-23 16:53:51 Result: found home directory: /var/spool/lpd (directory does not exist)
2026-09-23 16:53:51 Result: found home directory: /var/spool/news (directory does not exist)
2026-09-23 16:53:51 Result: found home directory: /var/spool/postfix (directory exists)
2026-09-23 16:53:51 Result: found home directory: /var/spool/uucp (directory does not exist)
2026-09-23 16:53:51 Result: found home directory: /var/www (directory exists)
2026-09-23 16:53:51 ===---------------------------------------------------------------===
2026-09-23 16:53:51 Performing test ID HOME-9310 (Checking for suspicious shell history files)
2026-09-23 16:53:52 Result: Ok, history files are type 'file'.
2026-09-23 16:53:52 Remarks: History files are normally of the type 'file'. Symbolic links and other types can be riskful.
2026-09-23 16:53:52 ===---------------------------------------------------------------===
2026-09-23 16:53:52 Performing test ID HOME-9350 (Collecting information from home directories)
2026-09-23 16:53:52 Result: IGNORE_HOME_DIRS empty, no paths excluded
2026-09-23 16:53:52 Checking permissions of /usr/share/lynis/include/tests_kernel_hardening
2026-09-23 16:53:52 File permissions are OK
2026-09-23 16:53:52 ===---------------------------------------------------------------===
2026-09-23 16:53:52 Action: Performing tests from category: Kernel Hardening
2026-09-23 16:53:52 ===---------------------------------------------------------------===
2026-09-23 16:53:52 Performing test ID KRNL-6000 (Check sysctl key pairs in scan profile)
2026-09-23 16:53:52 Result: sysctl key fs.protected_hardlinks contains equal expected and current value (1)
2026-09-23 16:53:52 Hardening: assigned maximum number of hardening points for this item (1). Currently having 140 points (out of 243)
2026-09-23 16:53:52 Result: sysctl key fs.protected_symlinks contains equal expected and current value (1)
2026-09-23 16:53:52 Hardening: assigned maximum number of hardening points for this item (1). Currently having 141 points (out of 244)
2026-09-23 16:53:52 Result: sysctl key fs.suid_dumpable has a different value than expected in scan profile. Expected=0, Real=2
2026-09-23 16:53:52 Hardening: assigned partial number of hardening points (0 of 1). Currently having 141 points (out of 245)
2026-09-23 16:53:52 Result: key hw.kbd.keymap_restrict_change does not exist on this machine
2026-09-23 16:53:52 Result: key kern.sugid_coredump does not exist on this machine
2026-09-23 16:53:52 Result: key kernel.core_setuid_ok does not exist on this machine
2026-09-23 16:53:52 Result: sysctl key kernel.core_uses_pid contains equal expected and current value (1)
2026-09-23 16:53:52 Hardening: assigned maximum number of hardening points for this item (1). Currently having 142 points (out of 246)
2026-09-23 16:53:52 Result: sysctl key kernel.ctrl-alt-del contains equal expected and current value (0)
2026-09-23 16:53:52 Hardening: assigned maximum number of hardening points for this item (1). Currently having 143 points (out of 247)
2026-09-23 16:53:52 Result: sysctl key kernel.dmesg_restrict contains equal expected and current value (1)
2026-09-23 16:53:52 Hardening: assigned maximum number of hardening points for this item (1). Currently having 144 points (out of 248)
2026-09-23 16:53:52 Result: key kernel.exec-shield-randomize does not exist on this machine
2026-09-23 16:53:52 Result: key kernel.exec-shield does not exist on this machine
2026-09-23 16:53:52 Result: sysctl key kernel.kptr_restrict has a different value than expected in scan profile. Expected=2, Real=1
2026-09-23 16:53:52 Hardening: assigned partial number of hardening points (0 of 1). Currently having 144 points (out of 249)
2026-09-23 16:53:52 Result: key kernel.maps_protect does not exist on this machine
2026-09-23 16:53:52 Result: sysctl key kernel.randomize_va_space contains equal expected and current value (2)
2026-09-23 16:53:52 Hardening: assigned maximum number of hardening points for this item (1). Currently having 145 points (out of 250)
2026-09-23 16:53:52 Result: key kernel.suid_dumpable does not exist on this machine
2026-09-23 16:53:52 Result: sysctl key kernel.sysrq has a different value than expected in scan profile. Expected=0, Real=176
2026-09-23 16:53:52 Hardening: assigned partial number of hardening points (0 of 1). Currently having 145 points (out of 251)
2026-09-23 16:53:52 Result: key kernel.use-nx does not exist on this machine
2026-09-23 16:53:52 Result: sysctl key kernel.yama.ptrace_scope contains equal expected and current value (1 2 3)
2026-09-23 16:53:52 Hardening: assigned maximum number of hardening points for this item (1). Currently having 146 points (out of 252)
2026-09-23 16:53:52 Result: key net.inet.icmp.bmcastecho does not exist on this machine
2026-09-23 16:53:52 Result: key net.inet.icmp.drop_redirect does not exist on this machine
2026-09-23 16:53:52 Result: key net.inet.icmp.rediraccept does not exist on this machine
2026-09-23 16:53:52 Result: key net.inet.icmp.timestamp does not exist on this machine
2026-09-23 16:53:52 Result: key net.inet.ip.accept_sourceroute does not exist on this machine
2026-09-23 16:53:52 Result: key net.inet.ip.check_interface does not exist on this machine
2026-09-23 16:53:52 Result: key net.inet.ip.forwarding does not exist on this machine
2026-09-23 16:53:52 Result: key net.inet.ip.linklocal.in.allowbadttl does not exist on this machine
2026-09-23 16:53:52 Result: key net.inet.ip.process_options does not exist on this machine
2026-09-23 16:53:52 Result: key net.inet.ip.random_id does not exist on this machine
2026-09-23 16:53:52 Result: key net.inet.ip.redirect does not exist on this machine
2026-09-23 16:53:52 Result: key net.inet.ip.sourceroute does not exist on this machine
2026-09-23 16:53:52 Result: key net.inet.ip6.redirect does not exist on this machine
2026-09-23 16:53:52 Result: key net.inet.tcp.always_keepalive does not exist on this machine
2026-09-23 16:53:52 Result: key net.inet.tcp.blackhole does not exist on this machine
2026-09-23 16:53:52 Result: key net.inet.tcp.drop_synfin does not exist on this machine
2026-09-23 16:53:52 Result: key net.inet.tcp.icmp_may_rst does not exist on this machine
2026-09-23 16:53:52 Result: key net.inet.tcp.nolocaltimewait does not exist on this machine
2026-09-23 16:53:52 Result: key net.inet.tcp.path_mtu_discovery does not exist on this machine
2026-09-23 16:53:52 Result: key net.inet.udp.blackhole does not exist on this machine
2026-09-23 16:53:52 Result: key net.inet6.icmp6.rediraccept does not exist on this machine
2026-09-23 16:53:52 Result: key net.inet6.ip6.forwarding does not exist on this machine
2026-09-23 16:53:52 Result: key net.inet6.ip6.fw.enable does not exist on this machine
2026-09-23 16:53:52 Result: key net.inet6.ip6.redirect does not exist on this machine
2026-09-23 16:53:52 Result: sysctl key net.ipv4.conf.all.accept_redirects contains equal expected and current value (0)
2026-09-23 16:53:52 Hardening: assigned maximum number of hardening points for this item (1). Currently having 147 points (out of 253)
2026-09-23 16:53:52 Result: sysctl key net.ipv4.conf.all.accept_source_route contains equal expected and current value (0)
2026-09-23 16:53:52 Hardening: assigned maximum number of hardening points for this item (1). Currently having 148 points (out of 254)
2026-09-23 16:53:52 Result: sysctl key net.ipv4.conf.all.bootp_relay contains equal expected and current value (0)
2026-09-23 16:53:52 Hardening: assigned maximum number of hardening points for this item (1). Currently having 149 points (out of 255)
2026-09-23 16:53:52 Result: sysctl key net.ipv4.conf.all.forwarding has a different value than expected in scan profile. Expected=0, Real=1
2026-09-23 16:53:52 Hardening: assigned partial number of hardening points (0 of 1). Currently having 149 points (out of 256)
2026-09-23 16:53:52 Result: sysctl key net.ipv4.conf.all.log_martians has a different value than expected in scan profile. Expected=1, Real=0
2026-09-23 16:53:52 Hardening: assigned partial number of hardening points (0 of 1). Currently having 149 points (out of 257)
2026-09-23 16:53:52 Result: sysctl key net.ipv4.conf.all.mc_forwarding contains equal expected and current value (0)
2026-09-23 16:53:52 Hardening: assigned maximum number of hardening points for this item (1). Currently having 150 points (out of 258)
2026-09-23 16:53:52 Result: sysctl key net.ipv4.conf.all.proxy_arp contains equal expected and current value (0)
2026-09-23 16:53:52 Hardening: assigned maximum number of hardening points for this item (1). Currently having 151 points (out of 259)
2026-09-23 16:53:52 Result: sysctl key net.ipv4.conf.all.rp_filter has a different value than expected in scan profile. Expected=1, Real=2
2026-09-23 16:53:52 Hardening: assigned partial number of hardening points (0 of 1). Currently having 151 points (out of 260)
2026-09-23 16:53:52 Result: sysctl key net.ipv4.conf.all.send_redirects has a different value than expected in scan profile. Expected=0, Real=1
2026-09-23 16:53:52 Hardening: assigned partial number of hardening points (0 of 1). Currently having 151 points (out of 261)
2026-09-23 16:53:52 Result: sysctl key net.ipv4.conf.default.accept_redirects has a different value than expected in scan profile. Expected=0, Real=1
2026-09-23 16:53:52 Hardening: assigned partial number of hardening points (0 of 1). Currently having 151 points (out of 262)
2026-09-23 16:53:52 Result: sysctl key net.ipv4.conf.default.accept_source_route contains equal expected and current value (0)
2026-09-23 16:53:52 Hardening: assigned maximum number of hardening points for this item (1). Currently having 152 points (out of 263)
2026-09-23 16:53:52 Result: sysctl key net.ipv4.conf.default.log_martians has a different value than expected in scan profile. Expected=1, Real=0
2026-09-23 16:53:52 Hardening: assigned partial number of hardening points (0 of 1). Currently having 152 points (out of 264)
2026-09-23 16:53:52 Result: sysctl key net.ipv4.icmp_echo_ignore_broadcasts contains equal expected and current value (1)
2026-09-23 16:53:52 Hardening: assigned maximum number of hardening points for this item (1). Currently having 153 points (out of 265)
2026-09-23 16:53:52 Result: sysctl key net.ipv4.icmp_ignore_bogus_error_responses contains equal expected and current value (1)
2026-09-23 16:53:52 Hardening: assigned maximum number of hardening points for this item (1). Currently having 154 points (out of 266)
2026-09-23 16:53:52 Result: sysctl key net.ipv4.tcp_syncookies contains equal expected and current value (1)
2026-09-23 16:53:52 Hardening: assigned maximum number of hardening points for this item (1). Currently having 155 points (out of 267)
2026-09-23 16:53:52 Result: sysctl key net.ipv4.tcp_timestamps contains equal expected and current value (0 1)
2026-09-23 16:53:52 Hardening: assigned maximum number of hardening points for this item (1). Currently having 156 points (out of 268)
2026-09-23 16:53:52 Result: sysctl key net.ipv6.conf.all.accept_redirects has a different value than expected in scan profile. Expected=0, Real=1
2026-09-23 16:53:52 Hardening: assigned partial number of hardening points (0 of 1). Currently having 156 points (out of 269)
2026-09-23 16:53:52 Result: sysctl key net.ipv6.conf.all.accept_source_route contains equal expected and current value (0)
2026-09-23 16:53:52 Hardening: assigned maximum number of hardening points for this item (1). Currently having 157 points (out of 270)
2026-09-23 16:53:52 Result: key net.ipv6.conf.all.send_redirects does not exist on this machine
2026-09-23 16:53:52 Result: sysctl key net.ipv6.conf.default.accept_redirects has a different value than expected in scan profile. Expected=0, Real=1
2026-09-23 16:53:52 Hardening: assigned partial number of hardening points (0 of 1). Currently having 157 points (out of 271)
2026-09-23 16:53:52 Result: sysctl key net.ipv6.conf.default.accept_source_route contains equal expected and current value (0)
2026-09-23 16:53:52 Hardening: assigned maximum number of hardening points for this item (1). Currently having 158 points (out of 272)
2026-09-23 16:53:52 Result: key security.bsd.hardlink_check_gid does not exist on this machine
2026-09-23 16:53:52 Result: key security.bsd.hardlink_check_uid does not exist on this machine
2026-09-23 16:53:52 Result: key security.bsd.see_other_gids does not exist on this machine
2026-09-23 16:53:52 Result: key security.bsd.see_other_uids does not exist on this machine
2026-09-23 16:53:52 Result: key security.bsd.stack_guard_page does not exist on this machine
2026-09-23 16:53:52 Result: key security.bsd.unprivileged_proc_debug does not exist on this machine
2026-09-23 16:53:52 Result: key security.bsd.unprivileged_read_msgbuf does not exist on this machine
2026-09-23 16:53:52 Result: found 11 keys that can use tuning, according scan profile
2026-09-23 16:53:52 Suggestion: One or more sysctl values differ from the scan profile and could be tweaked [test:KRNL-6000] [details:] [solution:Change sysctl value or disable test (skip-test=KRNL-6000:<sysctl-key>)]
2026-09-23 16:53:52 Checking permissions of /usr/share/lynis/include/tests_hardening
2026-09-23 16:53:52 File permissions are OK
2026-09-23 16:53:52 ===---------------------------------------------------------------===
2026-09-23 16:53:52 Action: Performing tests from category: Hardening
2026-09-23 16:53:52 ===---------------------------------------------------------------===
2026-09-23 16:53:52 Performing test ID HRDN-7220 (Check if one or more compilers are installed)
2026-09-23 16:53:52 Test: Check if one or more compilers can be found on the system
2026-09-23 16:53:52 Result: no compilers found
2026-09-23 16:53:52 Hardening: assigned maximum number of hardening points for this item (3). Currently having 161 points (out of 275)
2026-09-23 16:53:52 ===---------------------------------------------------------------===
2026-09-23 16:53:52 Performing test ID HRDN-7222 (Check compiler permissions)
2026-09-23 16:53:52 Test: Check if one or more compilers can be found on the system
2026-09-23 16:53:52 Result: no compilers found
2026-09-23 16:53:52 ===---------------------------------------------------------------===
2026-09-23 16:53:52 Performing test ID HRDN-7230 (Check for malware scanner)
2026-09-23 16:53:52 Test: Check if a malware scanner is installed
2026-09-23 16:53:52 Result: no malware scanner found
2026-09-23 16:53:52 Suggestion: Harden the system by installing at least one malware scanner, to perform periodic file system scans [test:HRDN-7230] [details:-] [solution:Install a tool like rkhunter, chkrootkit, OSSEC]
2026-09-23 16:53:52 Hardening: assigned partial number of hardening points (1 of 3). Currently having 162 points (out of 278)
2026-09-23 16:53:52 Result: no malware scanner found
2026-09-23 16:53:52 ===---------------------------------------------------------------===
2026-09-23 16:53:52 Action: Performing tests from category: Custom Tests
2026-09-23 16:53:52 Test: Checking for tests_custom file
2026-09-23 16:53:52 ===---------------------------------------------------------------===
2026-09-23 16:53:52 Action: Performing plugin tests
2026-09-23 16:53:52 Result: Found 1 plugins of which 1 are enabled
2026-09-23 16:53:52 Result: Plugins phase 2 finished
2026-09-23 16:53:52 Checking permissions of /usr/share/lynis/include/report
2026-09-23 16:53:52 File permissions are OK
2026-09-23 16:53:52 Hardening index : [58] [###########         ]
2026-09-23 16:53:52 Hardening strength: System has been hardened, but could use additional hardening
2026-09-23 16:53:52 ===---------------------------------------------------------------===
2026-09-23 16:53:54 ================================================================================
2026-09-23 16:53:54 Tests performed:     224
2026-09-23 16:53:54 Total tests:         393
2026-09-23 16:53:54 Active plugins:      1
2026-09-23 16:53:54 Total plugins:       1
2026-09-23 16:53:54 ================================================================================
2026-09-23 16:53:54 Lynis 2.6.2
2026-09-23 16:53:54 2007-2018, CISOfy - https://cisofy.com/lynis/
2026-09-23 16:53:54 Enterprise support available (compliance, plugins, interface and tools)
2026-09-23 16:53:54 Program ended successfully
2026-09-23 16:53:54 ================================================================================
2026-09-23 16:53:54 PID file removed (/var/run/lynis.pid)
2026-09-23 16:53:54 Temporary files:  /tmp/lynis.IqcWclXPlv /tmp/lynis.do7wA8NZHk /tmp/lynis.ZsLAWcDX9T /tmp/lynis.aTFFhlOj1X /tmp/lynis.Zr7KkdxwVX /tmp/lynis.RAp7ZvTaa9 /tmp/lynis.bWLkWUUlFe /tmp/lynis.xcg87NpXW9 /tmp/lynis.2V7u7tMmYV /tmp/lynis.Y7mOPqbRuB /tmp/lynis.bPcsTdgHIv /tmp/lynis.Zc1GnzZHLZ /tmp/lynis.YU3aKdHnfJ /tmp/lynis.K20puLiEIc /tmp/lynis.w3Op7rJWvP /tmp/lynis.fArPloYZQd /tmp/lynis.w8DX1rtymU
2026-09-23 16:53:54 Action: removing temporary file /tmp/lynis.IqcWclXPlv
2026-09-23 16:53:54 Info: temporary file /tmp/lynis.do7wA8NZHk was already removed
2026-09-23 16:53:54 Info: temporary file /tmp/lynis.ZsLAWcDX9T was already removed
2026-09-23 16:53:54 Info: temporary file /tmp/lynis.aTFFhlOj1X was already removed
2026-09-23 16:53:54 Action: removing temporary file /tmp/lynis.Zr7KkdxwVX
2026-09-23 16:53:54 Action: removing temporary file /tmp/lynis.RAp7ZvTaa9
2026-09-23 16:53:54 Action: removing temporary file /tmp/lynis.bWLkWUUlFe
2026-09-23 16:53:54 Action: removing temporary file /tmp/lynis.xcg87NpXW9
2026-09-23 16:53:54 Action: removing temporary file /tmp/lynis.2V7u7tMmYV
2026-09-23 16:53:54 Action: removing temporary file /tmp/lynis.Y7mOPqbRuB
2026-09-23 16:53:54 Action: removing temporary file /tmp/lynis.bPcsTdgHIv
2026-09-23 16:53:54 Action: removing temporary file /tmp/lynis.Zc1GnzZHLZ
2026-09-23 16:53:54 Action: removing temporary file /tmp/lynis.YU3aKdHnfJ
2026-09-23 16:53:54 Action: removing temporary file /tmp/lynis.K20puLiEIc
2026-09-23 16:53:54 Action: removing temporary file /tmp/lynis.w3Op7rJWvP
2026-09-23 16:53:54 Action: removing temporary file /tmp/lynis.fArPloYZQd
2026-09-23 16:53:54 Action: removing temporary file /tmp/lynis.w8DX1rtymU
2026-09-23 16:53:54 Lynis ended successfully.
